Row #,LAUID,Year,Proj. Type,Organization Name,Project Name,Address,City,State,Number,ZIPCODE,Geo Code,Census Tract,SPA,SD,CD,SSD,AD,Inventory Type,TH Unit Type,Bed Type,Target Pop. A,Target Pop. B,Youth Program,Veteran Program,HMIS,McKinney- Vento,LAHSA Funded,Beds HH w/ Children,Units HH w/ Children,Beds HH w/o Children,Beds HH w/ only Children,Veteran Beds HH w/ Children,Youth Beds HH w/ Children,CH Beds HH w/ Children,Veteran Beds HH w/o Children,Youth Beds HH w/o Children,CH Beds HH w/o Children,CH Beds HH w/ only Children,Year-Round Beds,HMIS Beds HH w/ Children,HMIS Beds HH w/o Children,HMIS Beds HH w/ only Children,% of HMIS Beds HH with Children,% of HMIS Beds HH without Children,% of HMIS Beds HH w/ only Children,Total Seasonal Beds,Seasonal Beds Available in HMIS,Availability Start Date,Availability End Date,Overflow Beds,HMIS Overflow Beds,PIT Count,Total Beds,Utilization Rate
253623,045-001023,2016,ES,1736 Family Crisis Center,RHY Basic Center,1736 Monterey Blvd.,Hermosa Beach,CA,1,90254,69037,621004,SPA 8,SD 4,NA ,SSD 26,AD 66,C,,Facility-based beds,SMF,NA,1,0,HMIS,Yes,Yes,0,0,6,0,0,0,,0,6,,,6,0,6,0,,100%,,0,0,,,0,0,3,6,50%
251345,394-017801,2016,TH,A New Way of Life,Transitional Housing Program,PO Box 875288,Los Angeles,CA,1,90087,62118,207102,SPA 4,SD 1,CD1,SSD 24,AD 51,N,Single,,SFHC,NA,0,0,HMIS,Yes,Yes,0,0,44,0,0,0,,0,0,,,44,0,44,0,,100%,,,,,,,,26,44,59%
250849,183-001250,2016,TH,Alexandria House,Transitional Housing for Single Women & Women with Children,426 S. Alexandria Ave.,Los Angeles,CA,1,90020,62118,211910,SPA 4,SD 2,CD10,SSD 24,AD 53,C,Single,,SFHC,NA,0,0,HMIS,Yes,Yes,22,8,1,0,0,0,,0,0,,,23,22,1,0,100%,100%,,,,,,,,22,23,96%
253995,516-020050,2016,ES,Bethel LA Community Development Center,Winter Shelter Program,5500 S. Hoover St. ,Los Angeles,CA,1,90037,62118,232700,SPA 6,SD 2,CD9,SSD 30,AD 59,N,,Facility-based beds,SMF,NA,0,0,HMIS,Yes,Yes,0,0,0,0,0,0,,0,0,,,0,0,0,0,,,,250,250,11/1/2015,3/31/2016,0,0,163,250,65%
254753,125-009552,2016,TH,Bridge to Home,Families to Home,"Scattered Sites TBD In Santa Clarita, CA",Santa Clarita,CA,1,91350,63356,920115,SPA 2,SD 5,NA ,SSD 21,AD 38,N,Single,,SMF,NA,0,0,HMIS,Yes,Yes,8,2,0,0,0,0,,0,0,,,8,8,0,0,100%,,,,,,,,,8,8,100%
250969,125-009550,2016,ES,Bridge to Home,Winter Shelter Program - Santa Clarita,23031 Drayton St.,Santa Clarita,CA,1,91350,63356,920314,SPA 2,SD 5,NA ,SSD 21,AD 38,C,,Facility-based beds,SMF,NA,0,0,HMIS,Yes,Yes,0,0,0,0,0,0,,0,0,,,0,0,0,0,,,,60,60,10/1/2015,3/31/2016,0,0,55,60,92%
250848,164-002360,2016,ES,"California Hispanic Commission on Alcohol & Drug Abuse, Inc. (CHCADA)",Year Round Overnight Emergency Shelter,1171 Durfee Ave.,South El Monte,CA,1,91753,69037,433802,SPA 3,SD 1,NA ,SSD 22,AD 57,C,,Facility-based beds,HC,NA,0,0,HMIS,Yes,Yes,60,15,0,0,0,0,,0,0,,,60,60,0,0,100%,,,0,0,,,0,0,60,60,100%
251259,013-002620,2016,TH,"Catholic Charities of Los Angeles, Inc.",Farley House at Good Shepherd Center for Homeless Women and Children,1671 Beverly Blvd.,Los Angeles,CA,1,90026,62118,208302,SPA 4,SD 1,CD13,SSD 24,AD 51,C,Single,,SFHC,NA,0,0,HMIS,Yes,Yes,63,21,0,0,0,0,,0,0,,,63,63,0,0,100%,,,,,,,,,41,63,65%
251016,013-002604,2016,TH,"Catholic Charities of Los Angeles, Inc.",Hawkes Transitional Residence,1640 Rockwood St.,Los Angeles,CA,1,90026,62118,208302,SPA 4,SD 1,CD13,SSD 24,AD 51,C,Single,,SF,NA,0,0,HMIS,Yes,Yes,0,0,30,0,0,0,,0,0,,,30,0,30,0,,100%,,,,,,,,29,30,97%
250893,145-002702,2016,TH,Center for Human Rights and Constitutional Law,Freedom House - Casa Libre Homeless Youth Shelter,256 S. Occidental Blvd.,Los Angeles,CA,1,90057,62118,208620,SPA 4,SD 1,CD13,SSD 24,AD 51,C,Single,,YM,NA,1,0,HMIS,Yes,Yes,0,0,0,8,0,0,,0,0,,,8,0,0,8,,,100%,,,,,,,8,8,100%
251180,171-011950,2016,TH,City of Covina,McGill Transitional House,1104 W. McGill St.,Covina,CA,1,91722,69037,405702,SPA 3,SD 5,NA ,SSD 22,AD 48,C,Single,,HC,NA,0,0,HMIS,Yes,Yes,7,2,0,0,0,0,,0,0,,,7,7,0,0,100%,,,,,,,,,7,7,100%
250905,231-015704,2016,ES,City of Lancaster,Single and Family Services,45134 N Sierra Hwy,Lancaster,CA,1,93534,61914,900806,SPA 1,SD 5,NA ,SSD 21,AD 36,C,,Facility-based beds,SMF+HC,NA,0,0,HMIS,Yes,Yes,64,11,30,0,0,0,,0,0,,,94,64,30,0,100%,100%,,0,0,,,0,0,47,94,50%
251186,231-015701,2016,ES,City of Lancaster,Winter Shelter Program - Antelope Valley,44611 Yucca Ave.,Lancaster,CA,1,93534,61914,900607,SPA 1,SD 5,NA ,SSD 21,AD 36,C,,Facility-based beds,SMF,NA,0,0,HMIS,Yes,Yes,0,0,0,0,0,0,,0,0,,,0,0,0,0,,,,77,77,10/1/2015,3/31/2016,0,0,55,77,71%
251187,231-015702,2016,ES,City of Lancaster,Year Round Overnight Emergency Shelter,44611 Yucca Ave.,Lancaster,CA,1,93534,61914,900607,SPA 1,SD 5,NA ,SSD 21,AD 36,C,,Facility-based beds,SMF,NA,0,0,HMIS,Yes,Yes,0,0,10,0,0,0,,0,0,,,10,0,10,0,,100%,,0,0,,,0,0,6,10,60%
251299,163-003204,2016,TH,City of Pomona,Pomona Transitional Living Center,2040 N Garey Ave,Pomona,CA,1,91766,62850,402902,SPA 3,SD 1,NA ,SSD 20,AD 52,C,Single,,SM,NA,0,0,HMIS,Yes,Yes,0,0,5,0,0,0,,0,0,,,5,0,5,0,,100%,,,,,,,,5,5,100%
251140,017-003364,2016,TH,"CLARE Foundation, Inc.",The Sober Inn,905 Pico Blvd.,Santa Monica,CA,1,90405,63384,701802,SPA 5,SD 3,NA ,SSD 26,AD 50,C,Single,,SF,NA,0,0,HMIS,Yes,Yes,0,0,18,0,0,0,,0,0,,,18,0,18,0,,100%,,,,,,,,11,18,61%
251104,018-003809,2016,TH,Covenant House of California,COV HSE CA Supportive Apartment Program,1730 Gramercy Pl.,Los Angeles,CA,1,90028,62118,190301,SPA 4,SD 3,CD13,SSD 24,AD 43,C,Single,,SMF,NA,0,0,HMIS,Yes,Yes,0,0,10,0,0,0,,0,0,,,10,0,10,0,,100%,,,,,,,,10,10,100%
251061,018-003801,2016,ES,Covenant House of California,Covenant House Emergency Shelter,1325 N. Western Ave.,Los Angeles,CA,1,90027,62118,190901,SPA 4,SD 3,CD13,SSD 24,AD 43,C,,Facility-based beds,SMF,NA,1,0,HMIS,Yes,Yes,0,0,60,0,0,0,,0,60,,,60,0,60,0,,100%,,0,0,,,0,0,55,60,92%
251141,018-003805,2016,TH,Covenant House of California,Rights of Passage,1325 N. Western Ave.,Los Angeles,CA,1,90027,62118,190901,SPA 4,SD 3,CD13,SSD 24,AD 43,C,Single,,SMF,NA,1,0,HMIS,Yes,Yes,0,0,24,0,0,0,,0,24,,,24,0,24,0,,100%,,,,,,,,22,24,92%
250945,079-004251,2016,ES,East San Gabriel Valley Coalition for the Homeless,Winter Shelter Program,241 S. Valley Center Ave.,Glendora,CA,1,91741,61470,400402,SPA 3,SD 5,NA ,SSD 25,AD 48,C,,Facility-based beds,SMF,NA,0,0,HMIS,Yes,Yes,0,0,0,0,0,0,,0,0,,,0,0,0,0,,,,211,211,10/1/2015,3/31/2016,0,0,205,211,97%
254019,517-020100,2016,ES,"Fathers and Mothers Who Care, Inc.",Emergency Shelter,10975 S. Vermont Ave. ,Los Angeles,CA,1,90044,62118,600304,SPA 8,SD 2,NA ,SSD 30,AD 62,N,,Facility-based beds,HC,NA,0,0,HMIS,Yes,Yes,6,2,14,0,0,0,,0,0,,,20,6,14,0,100%,100%,,0,0,,,0,0,16,20,80%
250891,134-004501,2016,TH,"Filipino American Service Group, Inc.",Park View House,135 N. Park View Street ,Los Angeles,CA,1,90026,62118,208501,SPA 4,SD 1,CD13,SSD 24,AD 51,C,Single,,SMF,NA,0,0,HMIS,Yes,Yes,0,0,22,0,0,0,,0,0,,,22,0,22,0,,100%,,,,,,,,22,22,100%
254776,389-016154,2016,TH,First Place for Youth,Transitional Housing Program HUD SPA 8,1053 South New Hampshire Ave,Los Angeles,CA,1,90006,62118,213320,SPA 4,SD 2,CD1,SSD 24,AD 53,N,Multiple,,YMF,NA,1,0,HMIS,Yes,Yes,2,1,10,0,0,0,,0,10,,,12,2,10,0,100%,100%,,,,,,,,7,12,58%
250840,152-004601,2016,TH,"First To Serve, Inc.",First to Serve Transitional Housing Program,1017 W. 50th St.,Los Angeles,CA,1,90037,62118,232300,SPA 6,SD 2,CD9,SSD 30,AD 59,C,Single,,SM,NA,0,0,HMIS,Yes,Yes,0,0,14,0,0,0,,0,0,,,14,0,14,0,,100%,,,,,,,,13,14,93%
251306,152-004603,2016,ES,"First To Serve, Inc.",Inglewood Winter Shelter,111 Grosvenor Street,Inglewood,CA,1,90302,61740,601302,SPA 8,SD 2,NA ,SSD 30,AD 62,C,,Facility-based beds,SMF,NA,0,0,HMIS,Yes,Yes,0,0,0,0,,,,,,,,0,0,0,0,,,,100,100,10/1/2015,3/31/2016,0,0,61,100,61%
250841,152-004604,2016,ES,"First To Serve, Inc.",Winter Shelter Program - South Los Angeles,326 S Broadway,Los Angeles,CA,1,90003,62118,207301,SPA 4,SD 1,CD14,SSD 30,AD 53,C,,Facility-based beds,SMF,NA,0,0,HMIS,Yes,Yes,0,0,0,0,0,0,,0,0,,,0,0,0,0,,,,168,168,10/1/2015,3/31/2016,0,0,168,168,100%
250895,152-004602,2016,ES,"First To Serve, Inc.",Winter Shelter Program - Westside,1300 Federal Ave.,Los Angeles,CA,1,90025,62118,267403,SPA 5,SD 3,CD11,SSD 26,AD 50,C,,Facility-based beds,SMF,NA,0,0,HMIS,Yes,Yes,0,0,0,0,0,0,,0,0,,,0,0,0,0,,,,160,160,10/1/2015,3/31/2016,0,0,120,160,75%
250897,158-005150,2016,TH,Gramercy Housing Group,Gramercy Court,1824 4th Ave.,Los Angeles,CA,1,90019,62118,218120,SPA 4,SD 2,CD10,SSD 30,AD 54,C,Single,,HC,NA,0,0,HMIS,Yes,Yes,30,15,0,0,0,0,,0,0,,,30,30,0,0,100%,,,,,,,,,28,30,93%
254021,056-005261,2016,ES,Harbor Interfaith Services,FSC Coordinated Assessment,670 W. 9th St.,San Pedro,CA,1,90731,62118,296600,SPA 8,SD 4,CD15,SSD 35,AD 70,C,,Voucher beds,HC,NA,0,0,HMIS,Yes,Yes,7,2,0,0,0,0,,0,0,,,7,7,0,0,100%,,,0,0,,,0,0,7,7,100%
250827,056-005252,2016,ES,Harbor Interfaith Services,FSC Emergency Shelter,663 W. 10th St.,San Pedro,CA,1,90731,62118,296902,SPA 8,SD 4,CD15,SSD 35,AD 70,C,,Facility-based beds,HC,NA,0,0,HMIS,Yes,Yes,77,20,0,0,0,0,,0,0,,,77,77,0,0,100%,,,0,0,,,0,0,49,77,64%
251142,020-005611,2016,TH,"Hillview Mental Health Center, Inc.",Hillview Independent Living Program,12408 Van Nuys Blvd.,Pacoima,CA,1,91331,62118,104105,SPA 2,SD 3,CD7,SSD 18,AD 39,C,Multiple,,SMF,NA,0,0,HMIS,Yes,Yes,0,0,12,0,0,0,,0,0,,,12,0,12,0,,100%,,,,,,,,5,12,42%
250910,321-011650,2016,TH,Hollywood Wilshire YMCA,Brighter Future - Hollywood Wilshire YMCA,1553 North Schrader Blvd,Hollywood,CA,1,90028,62118,190700,SPA 4,SD 3,CD13,SSD 26,AD 50,C,Single,,SFHC,NA,0,0,HMIS,Yes,Yes,18,7,16,0,0,0,,0,0,,,34,18,16,0,100%,100%,,,,,,,,29,34,85%
251108,021-005814,2016,TH,Homes for Life Foundation,Athena Homes,26-28 S. Almansor,Alhambra,CA,1,91801,60030,481002,SPA 3,SD 5,NA ,SSD 22,AD 49,C,Single,,SMF,NA,0,0,HMIS,Yes,Yes,0,0,16,0,0,0,,0,0,,,16,0,16,0,,100%,,,,,,,,16,16,100%
251019,021-005806,2016,TH,Homes for Life Foundation,Cedar Street Homes,11401 Bloomfield Ave.,Norwalk,CA,1,90650,62490,550000,SPA 7,SD 4,NA ,SSD 32,AD 57,C,Single,,SMF,NA,0,0,HMIS,Yes,Yes,0,0,38,0,0,0,,0,0,,,38,0,38,0,,100%,,,,,,,,38,38,100%
251336,427-017853,2016,TH,Hope of the Valley Rescue Mission,John E. White House of Hope,10202 Bartee Ave.,Arleta,CA,1,91331,62118,119202,SPA 2,SD 3,CD6,SSD 18,AD 39,N,Single,,SM,NA,0,0,HMIS,No,Yes,0,0,10,0,0,0,,0,0,,,10,0,10,0,,100%,,,,,,,,10,10,100%
251289,427-017854,2016,TH,Hope of the Valley Rescue Mission,The Bridge Transitional Recovery,8360 Eton St. ,Canoga Park,CA,1,91304,62118,113234,SPA 2,SD 3,CD3,SSD 27,AD 45,C,Single,,SM,NA,0,0,HMIS,Yes,Yes,0,0,15,0,0,0,,0,0,,,15,0,15,0,,100%,,,,,,,,15,15,100%
251225,427-017850,2016,ES,Hope of the Valley Rescue Mission,The Genesis House,10264 RINCON AVE,Pacoima,CA,1,91331,62118,104500,SPA 2,SD 3,CD7,SSD 18,AD 39,C,,Facility-based beds,HC,NA,0,0,HMIS,Yes,Yes,27,9,0,0,0,0,,0,0,,,27,27,0,0,100%,,,0,0,,,0,0,27,27,100%
251362,427-017855,2016,ES,Hope of the Valley Rescue Mission,Winter Shelter Program I,566 S. San Pedro St. ,Los Angeles,CA,1,90013,62118,206300,SPA 4,SD 2,CD14,SSD 30,AD 53,C,,Facility-based beds,SMF,NA,0,0,HMIS,Yes,Yes,0,0,0,0,0,0,,0,0,,,0,0,0,0,,,,170,170,10/1/2015,3/31/2016,0,0,93,170,55%
251234,111-111902,2016,ES,Hope of the Valley Rescue Mission,Winter Shelter Program II,11066 Norris Ave.,Pacoima,CA,1,91331,62118,104320,SPA 2,SD 3,CD7,SSD 18,AD 39,C,,Facility-based beds,SMF,NA,0,0,HMIS,Yes,Yes,0,0,0,0,0,0,,0,0,,,0,0,0,0,,,,120,120,10/1/2015,3/31/2016,0,0,120,120,100%
250850,213-001801,2016,TH,"Immanuel Housing Inc (Formerly Beacon Housing, Inc.)",Immanuel House of Hope,1800 E. 85th St.,Los Angeles,CA,1,90001,62118,535300,SPA 6,SD 2,NA ,SSD 33,AD 59,C,Single,,HC,NA,0,0,HMIS,Yes,Yes,32,6,0,0,0,0,,0,0,,,32,32,0,0,100%,,,,,,,,,20,32,62%
250987,078-006300,2016,TH,"Jovenes, Inc.",Casa Olivares Transitional Housing Program,1208 Pleasant Ave.,Los Angeles,CA,1,90033,62118,206032,SPA 4,SD 1,CD14,SSD 24,AD 53,C,Single,,SM,NA,1,0,HMIS,Yes,Yes,0,0,8,0,0,0,,0,8,,,8,0,8,0,,100%,,,,,,,,8,8,100%
251235,078-006308,2016,TH,"Jovenes, Inc.",Jovenes Independent Living Program,330 S. Gless,Los Angeles,CA,1,90033,62118,206032,SPA 4,SD 1,CD14,SSD 24,AD 53,C,Multiple,,SM,NA,1,0,HMIS,Yes,Yes,0,0,2,0,0,0,,0,2,,,2,0,2,0,,100%,,,,,,,,2,2,100%
250988,078-006301,2016,ES,"Jovenes, Inc.",La Posada Emergency Shelter,1320 Pleasant Ave.,Los Angeles,CA,1,90033,62118,206032,SPA 4,SD 1,CD14,SSD 24,AD 53,C,,Facility-based beds,SM,NA,1,0,HMIS,Yes,Yes,0,0,12,0,0,0,,0,12,,,12,0,12,0,,100%,,0,0,,,0,0,12,12,100%
251264,024-006355,2016,TH,"JWCH Institute, Inc.",Recuperative Care Transitional Housing,566 S. San Pedro St.,Los Angeles,CA,1,90013,62118,206300,SPA 4,SD 2,CD14,SSD 30,AD 53,C,Single,,SMF,NA,0,0,HMIS,Yes,Yes,0,0,37,0,0,0,,0,0,,,37,0,37,0,,100%,,,,,,,,37,37,100%
251023,026-006855,2016,ES,LA Family Housing Corporation,Comunidad Cesar Chavez Family Shelter,207 & 221 N. Breed Street,Los Angeles,CA,1,90033,62118,204420,SPA 4,SD 1,CD14,SSD 24,AD 53,C,,Facility-based beds,HC,NA,0,0,HMIS,Yes,Yes,140,21,0,0,0,0,,0,0,,,140,140,0,0,100%,,,0,0,,,0,0,92,140,66%
250983,026-006899,2016,ES,LA Family Housing Corporation,Crisis Housing - Motel Vouchers (SPA 2),7817 Lankershim Blvd.,North Hollywood,CA,1,91605,62118,121900,SPA 2,SD 3,CD6,SSD 18,AD 39,C,,Voucher beds,HC,NA,0,0,HMIS,Yes,Yes,47,13,2,0,0,0,,0,0,,,49,47,2,0,100%,100%,,0,0,,,0,0,49,49,100%
251273,026-006871,2016,TH,LA Family Housing Corporation,GPD - LA Valley Shelter,7843 Lankershim Blvd.,North Hollywood,CA,1,91605,62118,121900,SPA 2,SD 3,CD6,SSD 18,AD 39,C,Single,,SMF,NA,0,1,HMIS,Yes,Yes,0,0,135,0,0,0,,135,0,,,135,0,135,0,,100%,,,,,,,,133,135,99%
251024,026-006867,2016,TH,LA Family Housing Corporation,GPD - Project Home Again: The Family Shelter Expansion,7817 Lankershim Blvd.,Los Angeles,CA,1,91605,62118,121900,SPA 2,SD 3,CD6,SSD 18,AD 39,C,Multiple,,HC,NA,0,1,HMIS,Yes,Yes,209,55,0,0,209,0,,0,0,,,209,209,0,0,100%,,,,,,,,,118,209,56%
253806,026-006901,2016,ES,LA Family Housing Corporation,Path to Home Reserved Crisis Housing Program,7843 Lankershim Blvd.,Los Angeles,CA,1,91605,62118,121900,SPA 2,SD 3,CD6,SSD 18,AD 39,C,,Facility-based beds,SMF,NA,0,0,HMIS,Yes,Yes,0,0,30,0,0,0,,0,0,,,30,0,30,0,,100%,,0,0,,,0,0,29,30,97%
253813,028-006417,2016,ES,"LAMP Community, Inc.",Lamp Community Reserved Crisis Housing Program,527 S. Crocker St.,Los Angeles,CA,1,90013,62118,206300,SPA 4,SD 2,CD14,SSD 30,AD 53,C,,Facility-based beds,SMF,NA,0,0,HMIS,Yes,Yes,0,0,20,0,0,0,,0,0,,,20,0,20,0,,100%,,0,0,,,0,0,12,20,60%
251311,028-006408,2016,ES,"LAMP Community, Inc.",Village Shelter AB109,"527 Crocker St,",Los Angeles,CA,1,90013,62118,206300,SPA 4,SD 2,CD14,SSD 30,AD 53,C,,Facility-based beds,SMF,NA,0,0,HMIS,Yes,Yes,0,0,30,0,0,0,,0,0,,,30,0,0,0,,,,0,0,,,0,0,30,30,100%
251200,179-006903,2016,ES,Los Angeles Gay & Lesbian Community Services Center,Emergency Overnight Bed Program,1220 N. Highland Ave.,Los Angeles,CA,1,90038,62118,191901,SPA 4,SD 3,CD4,SSD 26,AD 50,C,,Facility-based beds,SMF,NA,0,0,HMIS,Yes,Yes,0,0,14,0,0,0,,0,0,,,14,0,14,0,,100%,,0,0,,,0,0,14,14,100%
250937,179-006901,2016,TH,Los Angeles Gay & Lesbian Community Services Center,Kruks/Tilsner Transitional Living Program,1625 N. Schrader Blvd.,Los Angeles,CA,1,90028,62118,190700,SPA 4,SD 3,CD13,SSD 26,AD 50,C,Single,,SMF,NA,0,0,HMIS,Yes,Yes,0,0,22,0,0,0,,0,0,,,22,0,22,0,,100%,,,,,,,,24,22,109%
254777,179-006905,2016,TH,Los Angeles Gay & Lesbian Community Services Center,RHY Transitional Housing Program,1625 N. Schrader Blvd.,Los Angeles,CA,1,90028,62118,190700,SPA 4,SD 3,CD13,SSD 26,AD 50,N,Single,,SMF,NA,1,0,HMIS,Yes,Yes,0,0,10,0,0,0,,0,10,,,10,0,10,0,,100%,,,,,,,,10,10,100%
250887,121-007200,2016,TH,Los Angeles Youth Network (LAYN),Beachwood House,2471 Beachwood St.,Los Angeles,CA,1,90068,62118,189400,SPA 4,SD 3,CD4,SSD 25,AD 43,C,Single,,YMF,NA,1,0,HMIS,Yes,Yes,0,0,0,12,0,0,,0,0,,,12,0,0,12,,,100%,,,,,,,2,12,17%
250835,121-007202,2016,ES,Los Angeles Youth Network (LAYN),Hollywood Youth Shelter,1550 N. Gower St.,Los Angeles,CA,1,90028,62118,191000,SPA 4,SD 3,CD13,SSD 26,AD 50,C,,Facility-based beds,YMF,HIV,1,0,HMIS,Yes,Yes,0,0,0,17,0,0,,0,0,,,17,0,0,17,,,100%,0,0,,,0,0,14,17,82%
250888,121-007203,2016,ES,Los Angeles Youth Network (LAYN),Taft Youth Shelter,1680 N. Vine St. Suite 1005,Los Angeles,CA,1,90025,62118,191000,SPA 4,SD 3,CD13,SSD 26,AD 50,C,,Facility-based beds,YM,HIV,1,0,HMIS,Yes,Yes,0,0,0,6,0,0,,0,0,,,6,0,0,6,,,100%,0,0,,,0,0,6,6,100%
254752,121-007207,2016,TH,Los Angeles Youth Network (LAYN),Transitional Living Program,6118 Carlos Ave,Los Angeles,CA,1,90028,62118,191000,SPA 4,SD 3,CD13,SSD 26,AD 50,C,Single,,YMF,NA,0,0,HMIS,Yes,Yes,0,0,17,0,0,0,,0,0,,,17,0,17,0,,100%,,,,,,,,14,17,82%
251221,280-007303,2016,TH,Mary Lind Foundation,"GPD - Mary Lind Foundation Transitional Housing Program - Royal Palms, Bimini and Rena B Recovery Center",360 S. Westlake Ave.,Los Angeles,CA,1,90057,62118,208903,SPA 4,SD 1,CD1,SSD 24,AD 53,C,Multiple,,SMF,NA,0,1,HMIS,Yes,Yes,0,0,360,0,0,0,,360,0,,,360,0,360,0,,100%,,,,,,,,148,360,41%
250971,146-007803,2016,ES,MJB Recovery,MJB Main St Emergency Shelter Program,11152 S Main St,Los Angeles,CA,1,90061,62118,241110,SPA 6,SD 2,CD8,SSD 30,AD 64,C,,Facility-based beds,SMF,NA,0,0,HMIS,Yes,Yes,0,0,110,0,0,0,,0,0,,,110,0,110,0,,100%,,0,0,,,0,0,110,110,100%
250865,066-008117,2016,SH,OPCC,Westside Safe Haven,1751 Cloverfield Avenue,Santa Monica,CA,1,90404,63384,701801,SPA 5,SD 3,NA ,SSD 26,AD 50,C,,,SMF,NA,0,0,HMIS,Yes,Yes,,,25,,,,,0,0,,,25,,25,,,100%,,,,,,,,15,25,60%
254028,432-018301,2016,ES,"Pathways to Your Future, Inc.",Winter Shelter Program,2525 W. Vernon Ave. ,Los Angeles,CA,1,90008,62118,234000,SPA 6,SD 2,CD10,SSD 30,AD 54,N,,Facility-based beds,SMF,NA,0,0,HMIS,Yes,Yes,0,0,0,0,0,0,,0,0,,,0,0,0,0,,,,35,35,12/4/2015,3/31/2016,0,0,24,35,69%
250968,124-008510,2016,TH,Penny Lane Centers,Armargosa Project,43336 N. Gadsden Ave.,Lancaster,CA,1,93534,61914,900704,SPA 1,SD 5,NA ,SSD 21,AD 36,C,Single,,SMF,NA,1,0,HMIS,Yes,Yes,0,0,10,0,0,0,,0,10,,,10,0,10,0,,100%,,,,,,,,5,10,50%
251004,124-008501,2016,TH,Penny Lane Centers,Columbus Project,15862 Gresham St.,North Hills,CA,1,91343,62118,117404,SPA 2,SD 3,CD12,SSD 18,AD 46,C,Single,,SMF,NA,1,0,HMIS,Yes,Yes,0,0,18,0,0,0,,0,18,,,18,0,18,0,,100%,,,,,,,,16,18,89%
251240,124-008511,2016,TH,Penny Lane Centers,Gresham Project,15258 Gresham St.,North Hills,CA,1,91343,62118,117520,SPA 2,SD 3,CD6,SSD 18,AD 46,C,Single,,SMF,NA,1,0,HMIS,Yes,Yes,0,0,10,0,0,0,,0,10,,,10,0,10,0,,100%,,,,,,,,7,10,70%
251003,124-008500,2016,TH,Penny Lane Centers,Independent Living Program - Antelope Valley Project,44248 - 44258 Cedar Ave.,Lancaster,CA,1,95354,61914,900701,SPA 1,SD 5,NA ,SSD 21,AD 36,C,Multiple,,SMF,NA,1,0,HMIS,Yes,Yes,0,0,18,0,0,0,,0,18,,,18,0,18,0,,100%,,,,,,,,17,18,94%
250889,124-008508,2016,TH,Penny Lane Centers,Penny Lane Transitional Housing Program,15266 Acre St.,North Hills,CA,1,91343,62118,117520,SPA 2,SD 3,CD6,SSD 18,AD 46,C,Single,,SMF,NA,1,0,HMIS,Yes,Yes,0,0,8,0,0,0,,0,8,,,8,0,8,0,,100%,,,,,,,,8,8,100%
250837,124-008509,2016,TH,Penny Lane Centers,Rayen Transitional Housing,15260 Rayen St.,North Hills,CA,1,91343,62118,117520,SPA 2,SD 3,CD6,SSD 18,AD 46,C,Single,,SMF,NA,1,0,HMIS,Yes,Yes,6,2,16,0,0,6,,0,16,,,22,6,16,0,100%,100%,,,,,,,,16,22,73%
251317,044-008588,2016,ES,People Assisting the Homeless (PATH),Coordinated Assessment Motel Vouchers,340 N Madison Ave,Los Angeles,CA,1,90029,62118,192700,SPA 4,SD 2,CD13,SSD 24,AD 43,C,,Voucher beds,HC,NA,0,0,HMIS,Yes,Yes,9,3,0,0,0,0,,0,0,,,9,9,0,0,100%,,,0,0,,,0,0,9,9,100%
254111,044-008590,2016,ES,People Assisting the Homeless (PATH),PATH Hollywood Crisis Crisis Housing Program (Reserved),5627 Fernwood Ave.,Los Angeles,CA,1,90028,62118,190901,SPA 4,SD 3,CD13,SSD 24,AD 43,C,,Facility-based beds,SMF,NA,0,0,HMIS,Yes,Yes,0,0,30,0,0,0,,0,0,,,30,0,30,0,,100%,,0,0,,,0,0,30,30,100%
254112,044-008589,2016,ES,People Assisting the Homeless (PATH),PATH Los Angeles Crisis Housing Program,340 N. Madison Ave.,Los Angeles,CA,1,90029,62118,192700,SPA 4,SD 2,CD13,SSD 24,AD 43,C,,Facility-based beds,SMF,NA,0,0,HMIS,Yes,Yes,0,0,58,0,0,0,,0,0,,,58,0,58,0,,100%,,0,0,,,20,20,55,78,71%
251134,044-008550,2016,ES,People Assisting the Homeless (PATH),PATH Westside Center,2346 Cotner Ave.,Los Angeles,CA,1,90064,62118,267800,SPA 5,SD 3,CD5,SSD 30,AD 54,C,,Facility-based beds,SMF,NA,0,1,HMIS,Yes,Yes,0,0,29,0,0,0,,29,0,,,29,0,29,0,,100%,,0,0,,,0,0,29,29,100%
251136,044-008565,2016,ES,People Assisting the Homeless (PATH),Year Round Emergency Shelter - Hollywood,5617 Fernwood Ave.,Los Angeles,CA,1,90028,62118,190901,SPA 4,SD 3,CD13,SSD 24,AD 43,C,,Facility-based beds,SMF,NA,0,0,HMIS,Yes,Yes,0,0,35,0,0,0,,0,0,,,35,0,35,0,,100%,,0,0,,,0,0,25,35,71%
250845,102-009003,2016,TH,"Prototypes, Inc.",PROTOTYPES Transitional Housing Project,837 E. Arrow Hwy.,Pomona,CA,1,91767,62850,402101,SPA 3,SD 1,NA ,SSD 20,AD 52,C,Single,,HC,NA,0,0,HMIS,Yes,Yes,65,13,0,0,0,0,,0,0,,,65,65,0,0,100%,,,,,,,,,46,65,71%
250823,071-009051,2016,ES,Proyecto Pastoral,Guadalupe Homeless Project,171 South Gless St.,Los Angeles,CA,1,90033,62118,206032,SPA 4,SD 1,CD14,SSD 24,AD 53,C,,Facility-based beds,SMF,NA,0,0,HMIS,Yes,Yes,0,0,60,0,0,0,,0,0,,,60,0,60,0,,100%,,0,0,,,0,0,56,60,93%
254116,071-009052,2016,ES,Proyecto Pastoral,Women's Shelter Program,135 N. Mission Road,Los Angeles,CA,1,90033,62118,206032,SPA 4,SD 1,CD14,SSD 24,AD 53,C,,Facility-based beds,SF,NA,0,0,HMIS,Yes,Yes,0,0,15,0,0,0,,0,0,,,15,0,15,0,,100%,,0,0,,,0,0,15,15,100%
250975,104-009454,2016,TH,"San Fernando Valley Community Mental Health Center, Inc.",Project New Start,14203 Sylvan St.,Van Nuys,CA,1,91411,62118,128210,SPA 2,SD 3,CD6,SSD 18,AD 46,C,Single,,SMF,NA,0,0,HMIS,Yes,Yes,0,0,30,0,0,0,,0,0,,,30,0,30,0,,100%,,,,,,,,11,30,37%
250899,104-009458,2016,TH,"San Fernando Valley Community Mental Health Center, Inc.",Tyrone Houses,6721 Tyrone Ave.,Van Nuys,CA,1,91405,62118,128102,SPA 2,SD 3,CD2,SSD 18,AD 46,C,Single,,SMF,NA,0,0,HMIS,Yes,Yes,0,0,15,0,0,0,,0,0,,,15,0,15,0,,100%,,,,,,,,4,15,27%
250960,410-017200,2016,TH,Sanctuary of Hope,Hope Refuge,3881 Roxton Ave,Los Angeles,CA,1,90008,62118,234000,SPA 6,SD 2,CD10,SSD 30,AD 54,C,Single,,YMF,NA,1,0,HMIS,Yes,Yes,0,0,6,0,0,0,,0,6,,,6,0,6,0,,100%,,,,,,,,6,6,100%
251025,034-009650,2016,TH,"Shields For Families, Inc.",Keith Village,Confidential ,Compton,CA,1,90221,60804,542105,SPA 6,SD 2,NA ,SSD 35,AD 64,C,Single,,SMHC,NA,0,0,HMIS,Yes,Yes,32,16,0,0,0,0,,0,0,,,32,32,0,0,100%,,,,,,,,,32,32,100%
251026,034-009651,2016,TH,"Shields For Families, Inc.",Naomi Village,Confidential ,Compton,CA,1,90221,60804,542105,SPA 6,SD 2,NA ,SSD 35,AD 64,C,Single,,SFHC,NA,0,0,HMIS,Yes,Yes,60,18,7,0,0,0,,0,0,,,67,60,0,0,100%,,,,,,,,,57,67,85%
251152,034-009652,2016,TH,"Shields For Families, Inc.",Saraii Village,Confidential ,Los Angeles,CA,1,90044,62118,240300,SPA 6,SD 2,CD8,SSD 30,AD 64,C,Single,,SFHC,NA,0,0,HMIS,Yes,Yes,40,10,20,0,0,0,,0,0,,,60,40,0,0,100%,,,,,,,,,17,60,28%
251218,309-010400,2016,ES,Society of St. Vincent de Paul Social Services,Cardinal Manning Center- Emergency Transitions,231 Winston St.,Los Angeles,CA,1,90013,62118,206200,SPA 4,SD 1,CD14,SSD 24,AD 53,C,,Facility-based beds,SM,NA,0,0,HMIS,Yes,Yes,0,0,55,0,0,0,,0,0,,,55,0,55,0,,100%,,0,0,,,0,0,51,55,93%
251194,309-010401,2016,TH,Society of St. Vincent de Paul Social Services,Cardinal Manning Center-Men's Advancement Program,231 Winston St.,Los Angeles,CA,1,90013,62118,206200,SPA 4,SD 1,CD14,SSD 24,AD 53,C,Single,,SM,NA,0,0,HMIS,Yes,Yes,0,0,10,0,0,0,,0,0,,,10,0,10,0,,100%,,,,,,,,4,10,40%
251263,309-010402,2016,TH,Society of St. Vincent de Paul Social Services,Family Housing-Transitional Housing Program,1181 North Virgil St.,Los Angeles,CA,1,90029,62118,191301,SPA 4,SD 3,CD13,SSD 24,AD 43,C,Single,,HC,NA,0,0,HMIS,Yes,Yes,3,2,0,0,0,0,,0,0,,,3,3,0,0,100%,,,,,,,,,3,3,100%
250942,072-010053,2016,TH,"Southern California Alcohol and Drug Program, Inc.",Angel Step II,16314 Cornuta Ave.,Bellflower,CA,1,90706,60288,554105,SPA 7,SD 4,NA ,SSD 32,AD 58,C,Single,,SFHC,NA,0,0,HMIS,Yes,Yes,30,10,10,0,0,0,,0,0,,,40,30,10,0,100%,100%,,,,,,,,37,40,92%
251122,038-010162,2016,ES,"Special Service for Groups, Inc.",FSC Emergency Shelter,905 E. 8th St.,Los Angeles,CA,1,90021,62118,226002,SPA 4,SD 2,CD14,SSD 30,AD 53,N,,Facility-based beds,SFHC,NA,0,0,HMIS,Yes,Yes,226,60,0,0,0,0,,0,0,,,226,226,0,0,100%,,,0,0,,,0,0,128,226,57%
251080,039-009750,2016,TH,SRO Housing Corporation,GPD - Veterans Transitional Housing VTP 24,517 S. San Julian St.,Los Angeles,CA,1,90013,62118,206300,SPA 4,SD 2,CD14,SSD 30,AD 53,C,Multiple,,SMF,NA,0,1,HMIS,Yes,Yes,0,0,24,0,0,0,,24,0,,,24,0,24,0,,100%,,,,,,,,24,24,100%
251038,039-009747,2016,TH,SRO Housing Corporation,GPD - Veterans Transitional Housing VTP 36,517 S. San Julian St.,Los Angeles,CA,1,90017,62118,206300,SPA 4,SD 2,CD14,SSD 30,AD 53,C,Single,,SMF,NA,0,1,HMIS,Yes,Yes,0,0,36,0,0,0,,36,0,,,36,0,36,0,,100%,,,,,,,,35,36,97%
251162,039-009751,2016,ES,SRO Housing Corporation,H Emergency Shelter,517 S. San Julian St.,Los Angeles,CA,1,90013,62118,206300,SPA 4,SD 2,CD14,SSD 30,AD 53,C,,Facility-based beds,SMF,HIV,0,0,HMIS,Yes,Yes,0,0,20,0,0,0,,0,0,,,20,0,20,0,,100%,,0,0,,,0,0,17,20,85%
251081,039-009752,2016,TH,SRO Housing Corporation,H Transitional Housing Program,517 S. San Julian St.,Los Angeles,CA,1,90013,62118,206300,SPA 4,SD 2,CD14,SSD 30,AD 53,C,Single,,SMF,HIV,0,0,HMIS,Yes,Yes,0,0,1,0,0,0,,0,0,,,1,0,1,0,,100%,,,,,,,,1,1,100%
251157,039-009712,2016,TH,SRO Housing Corporation,Marshal House Transitional Housing Program,523 San Julian St.,Los Angeles,CA,1,90013,62118,206300,SPA 4,SD 2,CD14,SSD 30,AD 53,C,Multiple,,SMF,NA,0,0,HMIS,Yes,Yes,0,0,33,0,,,,0,0,,,33,0,33,0,,100%,,,,,,,,33,33,100%
251158,039-009714,2016,ES,SRO Housing Corporation,Year Round Shelter Program,427 E. 5th St.,Los Angeles,CA,1,90013,62118,206200,SPA 4,SD 1,CD14,SSD 24,AD 53,C,,Facility-based beds,SMF,NA,0,0,HMIS,Yes,Yes,0,0,20,0,0,0,,0,0,,,20,0,20,0,,100%,,0,0,,,0,0,17,20,85%
251138,089-010468,2016,TH,"Step Up On Second Street, Inc.",Step Up On Bromont,13190 Bromont Ave.,Sylmar,CA,1,91342,62118,106407,SPA 2,SD 3,CD7,SSD 18,AD 39,C,Single,,SMF,NA,0,0,HMIS,Yes,Yes,0,0,24,0,0,0,,0,0,,,24,0,24,0,,100%,,,,,,,,16,24,67%
251285,137-010607,2016,TH,Tarzana Treatment Center,HIV Transitional Housing Program,18317 Armintha St.,Reseda,CA,1,91335,62118,131400,SPA 2,SD 3,CD12,SSD 27,AD 45,C,Single,,SMF,HIV,0,0,HMIS,Yes,Yes,0,0,30,0,0,0,,0,0,,,30,0,30,0,,100%,,,,,,,,30,30,100%
251005,137-010620,2016,TH,Tarzana Treatment Center,Porch Light Transitional Housing Program,8044 Darby Pl.,Reseda,CA,1,91335,62118,131400,SPA 2,SD 3,CD12,SSD 27,AD 45,C,Single,,SMF,HIV,0,0,HMIS,Yes,Yes,0,0,12,0,0,0,,0,0,,,12,0,12,0,,100%,,,,,,,,11,12,92%
254131,101-010656,2016,ES,Testimonial Community Love Center,TCLC Crisis Housing Program,5721 S. Western Ave.,Los Angeles,CA,1,90062,62118,232500,SPA 6,SD 2,CD8,SSD 30,AD 54,C,,Facility-based beds,SMF,NA,0,0,HMIS,Yes,Yes,0,0,30,0,0,0,,0,0,,,30,0,30,0,,100%,,0,0,,,0,0,17,30,57%
250844,101-010652,2016,TH,Testimonial Community Love Center,Transitional Housing Program,5721 S. Western Ave.,Los Angeles,CA,1,90062,62118,232500,SPA 6,SD 2,CD8,SSD 30,AD 54,C,Single,,HC,NA,0,0,HMIS,Yes,Yes,41,11,0,0,0,0,,0,0,,,41,41,0,0,100%,,,,,,,,,41,41,100%
251006,101-010655,2016,ES,Testimonial Community Love Center,Winter Shelter Program,6701 S. Western Ave.,Los Angeles,CA,1,90062,62118,237300,SPA 6,SD 2,CD8,SSD 30,AD 54,C,,Facility-based beds,SMF,NA,0,0,HMIS,Yes,Yes,0,0,0,0,0,0,,0,0,,,0,0,0,0,,,,105,105,10/1/2015,3/31/2016,0,0,89,105,85%
251133,040-009438,2016,TH,The Salvation Army,Bell Shelter,5600 Rickenbacker Rd.,Bell,CA,1,90201,69037,532304,SPA 7,SD 1,NA ,SSD 32,AD 53,C,Single,,SMF,NA,0,0,HMIS,Yes,Yes,0,0,42,0,0,0,,0,0,,,42,0,42,0,,100%,,,,,,,,40,42,95%
251130,040-009402,2016,TH,The Salvation Army,Bell Shelter I - 54 Bed Emergency Shelter,5600 Rickenbacker Rd.,Bell,CA,1,90201,69037,532304,SPA 7,SD 1,NA ,SSD 32,AD 53,C,Single,,SMF,NA,0,0,HMIS,Yes,Yes,0,0,54,0,0,0,,0,0,,,54,0,54,0,,100%,,,,,,,,38,54,70%
254133,040-009450,2016,ES,The Salvation Army,Bell Shelter Reserved Crisis Housing,5600 Rickenbacker Rd.,Bell,CA,1,90201,69037,532304,SPA 7,SD 1,NA ,SSD 32,AD 53,C,,Other beds,SMF,NA,0,0,HMIS,Yes,Yes,0,0,15,0,0,0,,0,0,,,15,0,15,0,,100%,,0,0,,,0,0,13,15,87%
251166,040-009444,2016,ES,The Salvation Army,DMH Emergency Shelter,5600 Rickenbacker Road Bldg. 2A/B,Bell,CA,1,90201,69037,532304,SPA 7,SD 1,NA ,SSD 32,AD 53,C,,Facility-based beds,SMF+HC,NA,0,0,HMIS,Yes,Yes,19,7,0,0,0,0,,0,0,,,19,0,0,0,,,,0,0,,,0,0,19,19,100%
251040,040-009413,2016,TH,The Salvation Army,GPD - Naomi House,11301 Wilshire Blvd.,Los Angeles,CA,1,90073,62118,701100,SPA 5,SD 3,NA ,SSD 26,AD 50,C,Single,,SF,NA,0,1,HMIS,Yes,Yes,0,0,20,0,0,0,,20,0,,,20,0,20,0,,100%,,,,,,,,20,20,100%
251165,040-009424,2016,TH,The Salvation Army,GPD - The Salvation Army SC Division LA The Haven,11301 Wilshire Blvd.,Los Angeles,CA,1,90073,62118,701100,SPA 5,SD 3,NA ,SSD 26,AD 50,C,Single,,SM,NA,0,1,HMIS,Yes,Yes,0,0,95,0,0,0,,95,0,,,95,0,95,0,,100%,,,,,,,,95,95,100%
254743,040-009411,2016,TH,The Salvation Army,GPD-The Salvation Army SC Division LA The Haven-Senior,11301 Wilshire Blvd.,Los Angeles,CA,1,90073,62118,701100,SPA 5,SD 3,NA ,SSD 26,AD 50,C,Single,,SM,NA,0,1,HMIS,Yes,Yes,0,0,20,0,0,0,,20,0,,,20,0,20,0,,100%,,,,,,,,13,20,65%
251129,040-009401,2016,ES,The Salvation Army,HCHV/EH - Alpha Center,11301 Wilshire Blvd. ,Los Angeles,CA,1,90073,62118,701100,SPA 5,SD 3,NA ,SSD 26,AD 50,C,,Facility-based beds,SMF,NA,0,1,HMIS,Yes,Yes,0,0,45,0,0,0,,45,0,,,45,0,45,0,,100%,,0,0,,,0,0,45,45,100%
251270,040-009446,2016,TH,The Salvation Army,Hope Harbor GR,3107 S. Grand Ave.,Los Angeles,CA,1,90007,62118,224600,SPA 6,SD 1,CD9,SSD 30,AD 59,C,Single,,SM,NA,0,1,HMIS,Yes,Yes,0,0,56,0,0,0,,56,0,,,56,0,56,0,,100%,,,,,,,,43,56,77%
251132,040-009431,2016,ES,The Salvation Army,The Salvation Army Bell Shelter,5600 Rickenbacker Rd.,Bell,CA,1,90201,69037,532304,SPA 7,SD 1,NA ,SSD 32,AD 53,C,,Facility-based beds,SMF,NA,0,0,HMIS,Yes,Yes,0,0,40,0,0,0,,0,0,,,40,0,40,0,,100%,,0,0,,,0,0,40,40,100%
251128,040-009400,2016,TH,The Salvation Army,The Salvation Army SC Division LA Alegria (aka Bethesda House at Alegria),2737 W. Sunset Blvd.,Los Angeles,CA,1,90026,62118,195600,SPA 4,SD 1,CD13,SSD 24,AD 51,C,Single,,HC,HIV,0,0,HMIS,Yes,Yes,49,16,0,0,0,0,,0,0,,,49,49,0,0,100%,,,,,,,,,42,49,86%
251082,040-009405,2016,TH,The Salvation Army,The Salvation Army SC Division LA Bell Shelter II,5600 Rickenbacker Rd.,Bell,CA,1,90201,69037,532304,SPA 7,SD 1,NA ,SSD 32,AD 53,C,Single,,SMF,NA,0,0,HMIS,Yes,Yes,0,0,96,0,0,0,,0,0,,,96,0,96,0,,100%,,,,,,,,97,96,101%
251084,040-009422,2016,TH,The Salvation Army,The Way In Youth Shelter,5939 Hollywood Blvd,Los Angeles,CA,1,90028,62118,191000,SPA 4,SD 3,CD13,SSD 26,AD 50,C,Single,,SMF,NA,1,0,HMIS,Yes,Yes,0,0,31,0,0,0,,0,31,,,31,0,31,0,,100%,,,,,,,,31,31,100%
251085,040-009425,2016,TH,The Salvation Army,GPD - Westwood Transitional Village,1401 S. Sepulveda Blvd.,Los Angeles,CA,1,90025,62118,265520,SPA 5,SD 3,CD5,SSD 26,AD 54,C,Single,,HC,NA,0,0,HMIS,Yes,Yes,159,40,0,0,0,0,,0,0,,,159,159,0,0,100%,,,,,,,,,123,159,77%
251163,040-009404,2016,ES,The Salvation Army,Winter Shelter Program,"5600 Rickenbacker Rd., 2A/B",Bell,CA,1,90201,69037,532304,SPA 7,SD 1,NA ,SSD 32,AD 53,C,,Facility-based beds,SMF,NA,0,0,HMIS,Yes,Yes,0,0,0,0,,,,,,,,0,0,0,0,,,,99,99,10/1/2015,3/31/2016,0,0,95,99,96%
251131,040-009427,2016,ES,The Salvation Army,Zahn Emergency Shelter,832 W. James M Wood Blvd.,Los Angeles,CA,1,90015,62118,207710,SPA 4,SD 1,CD14,SSD 30,AD 53,C,,Facility-based beds,HC,NA,0,0,HMIS,Yes,Yes,40,10,0,0,0,0,,0,0,,,40,40,0,0,100%,,,0,0,,,0,0,33,40,82%
254768,506-019701,2016,TH,The Teen Project Inc,TAY Transitional Housing,8140 Sunland Blvd.,Los Angeles,CA,1,91352,62118,122122,SPA 2,SD 3,CD6,SSD 18,AD 39,N,Single,,SMF,NA,0,0,HMIS,Yes,Yes,0,0,40,0,0,0,,0,0,,,40,0,40,0,,100%,,,,,,,,15,40,38%
254762,511-019951,2016,TH,The Village Family Services,TAY Transitional Housing Program,7843 Lankershim Blvd.,Los Angeles,CA,1,91605,62118,121900,SPA 2,SD 3,CD6,SSD 18,AD 39,N,Single,,SM,,0,0,HMIS,Yes,Yes,0,0,6,0,0,0,,0,0,,,6,0,6,0,,100%,,,,,,,,3,6,50%
251174,373-015057,2016,ES,The Whole Child,Coordinated Assessment Motel Vouchers,10155 Colima Rd,Whittier,CA,1,90603,64074,503301,SPA 7,SD 4,NA ,SSD 32,AD 57,C,,Voucher beds,SMF+HC,NA,0,0,HMIS,Yes,Yes,79,16,0,0,0,0,,0,0,,,79,79,0,0,100%,,,0,0,,,0,0,79,79,100%
251324,373-015053,2016,ES,The Whole Child,FSC Emergency Shelter,207 N. Breed St.,Los Angeles,CA,1,90033,62118,204420,SPA 4,SD 1,CD14,SSD 24,AD 53,N,,Facility-based beds,HC,NA,0,0,HMIS,Yes,Yes,45,6,0,0,0,0,,0,0,,,45,45,0,0,100%,,,0,0,,,0,0,23,45,51%
251051,176-000007,2016,ES,Union Station Homeless Services,Coordinated Assessment Motel Vouchers,1755 Huntington Dr Suite 103,Duarte,CA,1,91010,69037,430101,SPA 3,SD 5,NA ,SSD 10,AD 20,C,,Voucher beds,HC,NA,0,0,HMIS,Yes,Yes,37,9,0,0,0,0,,0,0,,,37,37,0,0,100%,,,0,0,,,0,0,37,37,100%
254761,144-010906,2016,TH,United Friends of the Children,Pathways to Independence A (499),7061 W. Manchester Ave.,Los Angeles,CA,1,90045,62118,276500,SPA 5,SD 2,CD11,SSD 26,AD 62,C,Single,,YMF,NA,0,1,HMIS,Yes,Yes,0,0,9,0,0,0,,9,0,,,9,0,9,0,,100%,,,,,,,,9,9,100%
250892,144-010907,2016,TH,United Friends of the Children,Pathways to Independence B (511),13931 Coteau Dr.,Whittier,CA,1,90604,64074,503105,SPA 7,SD 4,NA ,SSD 32,AD 57,C,Multiple,,SMF,NA,1,0,HMIS,Yes,Yes,0,0,38,0,0,0,,0,38,,,38,0,0,0,,,,,,,,,,26,38,68%
251198,027-010953,2016,TH,"United States Veterans Initiative, Inc.",GPD - Veterans in Progress Program,733 S. Hindry Ave.,Inglewood,CA,1,90301,61740,601401,SPA 8,SD 2,NA ,SSD 35,AD 62,C,Single,,SMF,NA,0,1,HMIS,Yes,Yes,0,0,100,0,0,0,,100,0,,,100,0,100,0,,100%,,,,,,,,100,100,100%
251209,027-010955,2016,TH,"United States Veterans Initiative, Inc.",GPD - Westside Residence Hall,733 S. Hindry Ave.,Inglewood,CA,1,90301,61740,601401,SPA 8,SD 2,NA ,SSD 35,AD 62,C,Single,,SMF,NA,0,1,HMIS,Yes,Yes,0,0,325,0,0,0,,325,0,,,325,0,325,0,,100%,,,,,,,,126,325,39%
251202,180-011001,2016,ES,Upward Bound house,Emergency Family Shelter,12841 W. Washington Boulevard,Culver City,CA,1,90066,69037,702803,SPA 5,SD 2,NA ,SSD 30,AD 54,C,,Facility-based beds,HC,NA,0,0,HMIS,Yes,Yes,21,6,0,0,0,0,,0,0,,,21,21,0,0,100%,,,0,0,,,0,0,15,21,71%
251371,180-011010,2016,ES,Upward Bound house,FSC Emergency Shelter,12841 Washington Blvd.,Culver City,CA,1,90066,69037,702803,SPA 5,SD 2,NA ,SSD 30,AD 54,N,,Facility-based beds,HC,NA,0,0,HMIS,Yes,Yes,42,12,0,0,0,0,,0,0,,,42,42,0,0,100%,,,0,0,,,0,0,34,42,81%
251201,180-011000,2016,TH,Upward Bound house,Upward Bound House Family Place,1020 12th St.,Santa Monica,CA,1,90403,63384,701501,SPA 5,SD 3,NA ,SSD 26,AD 50,C,Single,,HC,NA,0,0,HMIS,Yes,Yes,74,21,0,0,0,0,,0,0,,,74,74,0,0,100%,,,,,,,,,65,74,88%
251304,117-001465,2016,ES,Valley Oasis,Coordinated Assessment Motel Vouchers,45134 N Sierra Hwy,Lancaster,CA,1,93534,61914,900806,SPA 1,SD 5,NA ,SSD 21,AD 36,C,,Voucher beds,HC,NA,0,0,HMIS,Yes,Yes,17,5,1,0,0,0,,0,0,,,18,17,1,0,100%,100%,,0,0,,,0,0,18,18,100%
250863,336-011850,2016,TH,Venice Community Housing Corporation,Westminster Transitional Living Center,650 Westminster Ave.,Venice,CA,1,90291,62118,273200,SPA 5,SD 3,CD11,SSD 26,AD 62,C,Single,,HC,NA,0,0,HMIS,Yes,Yes,32,8,2,0,0,0,,0,0,,,34,32,2,0,100%,100%,,,,,,,,18,34,53%
251388,111-111800,2016,ES,Volunteers of America of Los Angeles,14-Hour YRP South LA,1724 Vernon Ave.,Los Angeles,CA,1,90046,62118,232400,SPA 6,SD 2,CD8,SSD 30,AD 54,N,,Facility-based beds,SMF,NA,0,0,HMIS,Yes,Yes,0,0,125,0,0,0,,0,0,,,125,0,125,0,,100%,,0,0,,,0,0,103,125,82%
254135,083-011304,2016,ES,Volunteers of America of Los Angeles,Exodus Reserve Beds,3804 S. Broadway Pl.,Los Angeles,CA,1,90037,62118,231100,SPA 6,SD 2,CD9,SSD 30,AD 59,C,,Other beds,SMF,NA,0,0,HMIS,Yes,Yes,0,0,30,0,0,0,,0,0,,,30,0,30,0,,100%,,0,0,,,0,0,6,30,20%
250878,083-011285,2016,ES,Volunteers of America of Los Angeles,Family Emergency Housing Program,8224 S. Broadway,Los Angeles,CA,1,90003,62118,239701,SPA 6,SD 2,CD9,SSD 30,AD 59,C,,Facility-based beds,HC,NA,0,0,HMIS,Yes,Yes,24,8,0,0,0,0,,0,0,,,24,24,0,0,100%,,,0,0,,,0,0,24,24,100%
251269,083-011290,2016,TH,Volunteers of America of Los Angeles,GPD- Veteran Transitional Housing Hollywood Center,4969 Sunset Blvd.,Los Angeles,CA,1,90027,62118,191201,SPA 4,SD 3,CD13,SSD 24,AD 43,C,Single,,SMF,NA,0,1,HMIS,Yes,Yes,0,0,50,0,0,0,,50,0,,,50,0,50,0,,100%,,,,,,,,50,50,100%
250867,083-011265,2016,TH,Volunteers of America of Los Angeles,ILP Women's Care Cottage,6428 Whitsett Ave. ,North Hollywood,CA,1,91606,62118,123800,SPA 2,SD 3,CD2,SSD 18,AD 46,C,Single,,SF,NA,0,0,HMIS,Yes,Yes,4,2,12,0,0,0,,0,0,,,16,0,12,0,,100%,,,,,,,,8,16,50%
250991,083-011281,2016,ES,Volunteers of America of Los Angeles,Pathways to Home YRP,3804 S. Broadway Pl.,Los Angeles,CA,1,90037,62118,231100,SPA 6,SD 2,CD9,SSD 30,AD 59,C,,Facility-based beds,SMF,NA,0,0,HMIS,Yes,Yes,0,0,286,0,0,0,,0,0,,,286,0,286,0,,100%,,0,0,,,0,0,130,286,45%
254747,083-011308,2016,TH,Volunteers of America of Los Angeles,RHY Transitional Living Program,6428 Whitsett Avenue,North Hollywood,CA,1,91606,62118,123800,SPA 2,SD 3,CD2,SSD 18,AD 46,C,Single,,SMF,NA,1,0,HMIS,Yes,Yes,0,0,12,0,0,0,,0,12,,,12,0,12,0,,100%,,,,,,,,1,12,8%
250946,083-011274,2016,TH,Volunteers of America of Los Angeles,VS-21,622 Wall St.,Los Angeles,CA,1,90014,62118,206300,SPA 4,SD 2,CD14,SSD 30,AD 53,C,Single,,SM,NA,0,1,HMIS,Yes,Yes,0,0,55,0,0,0,,55,0,,,55,0,55,0,,100%,,,,,,,,55,55,100%
250826,083-011269,2016,TH,Volunteers of America of Los Angeles,VS-90 Vets released from incarceration,1765 S. La Cienega Blvd.,Los Angeles,CA,1,90035,62118,217002,SPA 5,SD 2,CD5,SSD 30,AD 54,C,Single,,SMF,NA,0,1,HMIS,Yes,Yes,0,0,50,0,0,0,,50,0,,,50,0,50,0,,100%,,,,,,,,40,50,80%
250990,083-011280,2016,ES,Volunteers of America of Los Angeles,Winter Shelter - Pomona,600 S. Park Ave.,Pomona,CA,1,91766,62850,408800,SPA 3,SD 1,NA ,SSD 9,AD 18,C,,Facility-based beds,SMF,NA,0,0,HMIS,Yes,Yes,0,0,0,0,,,,,,,,0,0,0,0,,,,145,145,10/1/2015,3/31/2016,0,0,131,145,90%
250869,083-011268,2016,ES,Volunteers of America of Los Angeles,Year Round Shelter Program,543 S. Crocker St.,Los Angeles,CA,1,90013,62118,206300,SPA 4,SD 2,CD14,SSD 30,AD 53,C,,Facility-based beds,SMF,NA,0,0,HMIS,Yes,Yes,0,0,40,0,0,0,,0,0,,,40,0,40,0,,100%,,0,0,,,0,0,40,40,100%
251044,043-011406,2016,TH,Weingart Center Association,GPD - Veterans Transitional Housing Program,566 S. San Pedro St.,Los Angeles,CA,1,90013,62118,206300,SPA 4,SD 2,CD14,SSD 30,AD 53,C,Single,,SMF,NA,0,1,HMIS,Yes,Yes,0,0,100,0,0,0,,100,0,,,100,0,100,0,,100%,,,,,,,,86,100,86%
251323,043-011424,2016,TH,Weingart Center Association,Health Care for Homeless Veterans (HCHV),566 S. San Pedro St. ,Los Angeles,CA,1,90013,62118,206300,SPA 4,SD 2,CD14,SSD 30,AD 53,N,Single,,SMF,NA,0,1,HMIS,Yes,Yes,0,0,20,0,0,0,,20,0,,,20,0,20,0,,100%,,,,,,,,20,20,100%
251272,043-011411,2016,ES,Weingart Center Association,Open Door Residential Renewal,566 S. San Pedro Street,Los Angeles,CA,1,90013,62118,206300,SPA 4,SD 2,CD14,SSD 30,AD 53,C,,Facility-based beds,SMF,NA,0,0,HMIS,Yes,Yes,0,0,96,0,0,0,,0,0,,,96,0,96,0,,100%,,0,0,,,0,0,58,96,60%
254136,043-011431,2016,ES,Weingart Center Association,Winter Shelter Program,566 S San Pedro Street,Los Angeles,CA,1,90013,62118,206300,SPA 4,SD 2,CD14,SSD 30,AD 53,C,,Facility-based beds,SMF,NA,0,0,HMIS,Yes,Yes,0,0,0,0,0,0,,0,0,,,0,0,0,0,,,,51,51,11/1/2015,3/31/2016,0,0,47,51,92%
251167,043-011407,2016,TH,Weingart Center Association,Women's Renaissance,566 S. San Pedro St.,Los Angeles,CA,1,90013,62118,206300,SPA 4,SD 2,CD14,SSD 30,AD 53,C,Single,,SF,NA,0,0,HMIS,Yes,Yes,0,0,54,0,0,0,,0,0,,,54,0,54,0,,100%,,,,,,,,54,54,100%
250949,323-011750,2016,TH,YWCA of Santa Monica/Westside,Housing and Education Program,2019 14th St.,Santa Monica,CA,1,90405,63384,702201,SPA 5,SD 3,NA ,SSD 26,AD 50,C,Single,,SF,NA,0,0,HMIS,Yes,Yes,0,0,10,0,0,0,,0,0,,,10,0,10,0,,100%,,,,,,,,7,10,70%
251047,045-001002,2016,ES,1736 Family Crisis Center,Domestic Violence Shelter-LA 2,,,CA,1,,,,SPA 6,SD 2,CD10,SSD 24,AD 53,C,,Facility-based beds,SFHC,DV,0,0,Non-HMIS,No,No,0,0,1,0,0,0,,0,0,,,1,0,0,0,,,,0,0,,,0,0,1,1,100%
251049,045-001022,2016,ES,1736 Family Crisis Center,Emergency Youth Shelter,1736 Monterey Blvd.,Hermosa Beach,CA,1,90254,69037,621004,SPA 8,SD 4,NA ,SSD 26,AD 66,C,,Facility-based beds,YMF,NA,1,0,Non-HMIS,Yes,Yes,0,0,0,6,0,0,,0,0,,,6,0,0,0,,,,0,0,,,0,0,3,6,50%
251088,045-001021,2016,ES,1736 Family Crisis Center,South Bay 1 Domestic Violence Shelter,,,CA,1,,,,SPA 6,SD 2,CD10,SSD 24,AD 53,C,,Facility-based beds,SFHC,DV,0,0,Non-HMIS,Yes,Yes,8,2,4,0,0,0,,0,0,,,12,0,0,0,,,,0,0,,,0,0,7,12,58%
251048,045-001003,2016,TH,1736 Family Crisis Center,South Bay 1 Domestic Violence Transitional Shelter,,,CA,1,,,,SPA 6,SD 2,CD10,SSD 24,AD 53,C,Single,,SFHC,DV,0,0,Non-HMIS,No,No,12,3,0,0,0,0,,0,0,,,12,0,0,0,,,,,,,,,,8,12,67%
251050,045-001012,2016,TH,1736 Family Crisis Center,Transitional Program-LA 1,,,CA,1,,,,SPA 6,SD 2,CD10,SSD 24,AD 53,C,Multiple,,SMHC,DV,0,0,Non-HMIS,Yes,Yes,20,4,0,0,0,0,,0,0,,,20,,,0,,,,,,,,,,20,20,100%
251171,045-001014,2016,TH,1736 Family Crisis Center,Transitional Program-LA 2,,,CA,1,,,,SPA 6,SD 2,CD10,SSD 24,AD 53,C,Multiple,,SFHC,DV,0,0,Non-HMIS,No,No,18,4,1,0,0,0,,0,0,,,19,0,0,0,,,,,,,,,,11,19,58%
254750,110-009601,2016,TH,"Alliance for Housing and Healing, The Serra Project and Aid for Aids",Serra Project Casa Madona,1809 Bouett Street,Los Angeles,CA,1,90026,62118,206010,SPA 4,SD 1,CD1,SSD 24,AD 51,C,Single,,SFHC,HIV,0,0,Non-HMIS,No,No,3,1,14,0,0,0,,0,0,,,17,0,0,0,,,,,,,,,,17,17,100%
251182,211-001700,2016,TH,"Asian Pacific Women's Center, Inc.",APWC Transitional Housing Program,,,CA,1,,,,SPA 4,SD 1,CD14,SSD 24,AD 53,C,Multiple,,SFHC,DV,0,0,Non-HMIS,Yes,Yes,24,6,0,0,0,0,,0,0,,,24,0,0,0,,,,,,,,,,24,24,100%
250901,214-001850,2016,ES,Beacon Light Mission and Doors of Hope,Beacon Light Mission ES,525 Broad Ave.,Wilmington,CA,1,90744,62118,294701,SPA 8,SD 4,CD15,SSD 35,AD 64,C,,Facility-based beds,SMF,NA,0,1,Non-HMIS,No,No,0,0,20,0,0,0,,10,0,,,20,0,0,0,,,,0,0,,,0,0,19,20,95%
250851,219-002100,2016,TH,"BRIDGES, Inc.",Casitas Esperanza,11927 Eliott Avenue,El Monte,CA,1,91732,61152,433901,SPA 3,SD 1,NA ,SSD 22,AD 48,C,Single,,SMF,NA,0,0,Non-HMIS,No,No,0,0,12,0,0,0,,0,0,,,12,0,0,0,,,,,,,,,,11,12,92%
250902,219-002102,2016,TH,"BRIDGES, Inc.",Casitas Tranquilas,11927 Elliott Ave ,El Monte,CA,1,91732,61152,433901,SPA 3,SD 1,NA ,SSD 22,AD 48,C,Single,,SMF,NA,0,0,Non-HMIS,No,No,0,0,30,0,0,0,,0,0,,,30,0,0,0,,,,,,,,,,30,30,100%
250922,221-002201,2016,TH,Burbank Housing Corporation,Home Front,1819 Grismer,Burbank,CA,1,91504,60456,310601,SPA 2,SD 5,NA ,SSD 25,AD 43,C,Single,,HC,NA,0,0,Non-HMIS,No,No,26,7,0,0,0,0,,0,0,,,26,0,0,0,,,,,,,,,,28,26,108%
250923,221-002202,2016,TH,Burbank Housing Corporation,Linden House,1819 Grismer,Burbank,CA,1,91504,60456,310601,SPA 2,SD 5,NA ,SSD 25,AD 43,C,Single,,SMF,NA,0,0,Non-HMIS,No,No,0,0,6,0,0,0,,0,0,,,6,0,0,0,,,,,,,,,,3,6,50%
250921,221-002200,2016,TH,Burbank Housing Corporation,Puerta Nueva Transitional Facility,,,CA,1,,,,SPA 2,SD 5,NA ,SSD 25,AD 43,C,Multiple,,SFHC,DV,0,0,Non-HMIS,No,No,16,5,0,0,0,0,,0,0,,,16,0,0,0,,,,,,,,,,16,16,100%
250903,223-002300,2016,TH,California Council For Veteran Affairs,GPD - Women and Children First,2501 W. Florence Avenue,Los Angeles,CA,1,90043,62118,235201,SPA 6,SD 2,CD8,SSD 30,AD 62,C,Single,,SFHC,NA,0,1,Non-HMIS,Yes,Yes,3,1,11,0,0,0,,11,0,,,14,0,0,0,,,,,,,,,,8,14,57%
251231,164-002357,2016,TH,"California Hispanic Commission on Alcohol & Drug Abuse, Inc. (CHCADA)",Pathways Homes,,,CA,1,,,,SPA 3,SD 1,NA ,SSD 9,AD 18,C,Single,,HC,DV,0,0,Non-HMIS,No,No,15,5,0,0,0,0,,0,0,,,15,0,0,0,,,,,,,,,,17,15,113%
250852,226-002500,2016,TH,Casa de Los Angelitos,Casa de Los Angelitos,,,CA,1,,,,SPA 8,SD 2,NA ,SSD 35,AD 66,C,Single,,SF,DV,0,0,Non-HMIS,No,No,0,0,6,0,0,0,,0,0,,,6,0,0,0,,,,,,,,,,6,6,100%
251059,013-002601,2016,ES,"Catholic Charities of Los Angeles, Inc.",Angel's Flight Shelter,357 S. Westlake Ave.,Los Angeles,CA,1,90057,62118,208903,SPA 4,SD 1,CD1,SSD 24,AD 53,C,,Facility-based beds,YMF,NA,1,0,Non-HMIS,Yes,Yes,16,16,16,0,0,16,,0,16,,,32,0,0,0,,,,0,0,,,0,0,2,32,6%
251017,013-002606,2016,ES,"Catholic Charities of Los Angeles, Inc.",Languille Emergency Shelter,267 Belmont Ave.,Los Angeles,CA,1,90026,62118,208302,SPA 4,SD 1,CD13,SSD 24,AD 51,C,,Facility-based beds,SF,NA,0,0,Non-HMIS,No,No,0,0,30,0,0,0,,0,0,,,30,0,0,0,,,,0,0,,,0,0,29,30,97%
250890,128-002750,2016,ES,"Center for the Pacific Asian Family, Inc.",CPAF Emergency Shelter,,,CA,1,,,,SPA 4,SD 3,CD5,SSD 26,AD 50,C,,Facility-based beds,SFHC,DV,0,0,Non-HMIS,Yes,Yes,15,5,1,0,0,0,,0,0,,,16,0,0,0,,,,0,0,,,0,0,11,16,69%
250839,128-002751,2016,TH,"Center for the Pacific Asian Family, Inc.",CPAF Transitional Housing Program,,,CA,1,,,,SPA 4,SD 3,CD5,SSD 26,AD 50,C,Single,,SFHC,DV,0,0,Non-HMIS,Yes,Yes,24,4,0,0,0,0,,0,0,,,24,0,0,0,,,,,,,,,,6,24,25%
251184,229-002950,2016,ES,Children of the Night,Children of the Night Housing Program,14530 Sylvan St.,Van Nuys,CA,1,91411,62118,128303,SPA 2,SD 3,CD6,SSD 18,AD 46,C,,Facility-based beds,YMF,NA,1,0,Non-HMIS,No,No,0,0,0,24,0,0,,0,0,,,24,0,0,0,,,,0,0,,,0,0,15,24,62%
251185,230-003050,2016,TH,"Chosen Gospel Recovery, Inc.",Ruby's House I-4,417 West 55th St. ,Los Angeles,CA,1,90037,62118,232700,SPA 6,SD 2,CD9,SSD 30,AD 59,C,Multiple,,SFHC,NA,0,0,Non-HMIS,No,No,30,10,10,0,0,0,,0,0,,,40,0,0,0,,,,,,,,,,30,40,75%
251364,508-019800,2016,ES,Claremont Homeless Advocacy Program,Overnight Accomodation,727 Harrison Ave,Claremont,CA,1,91711,69037,401902,SPA 3,SD 1,NA ,SSD 25,AD 41,N,,Facility-based beds,SMF,NA,0,0,Non-HMIS,No,No,0,0,15,0,0,0,,0,0,,,15,0,0,0,,,,0,0,,,0,0,12,15,80%
250930,238-003601,2016,TH,Community's Child Inc.,Building Hope,25520 Woodward Ave,Lomita,CA,1,90717,69037,670003,SPA 8,SD 4,NA ,SSD 26,AD 66,C,Single,,SFHC,NA,0,0,Non-HMIS,No,No,16,4,10,0,0,0,,0,0,,,26,0,0,0,,,,,,,,,,14,26,54%
250843,162-004058,2016,TH,"David & Margaret Home, Inc.",THP Foster Care,650 E. Bonita Ave. ,San Dimas,CA,1,91773,69037,400304,SPA 3,SD 5,NA ,SSD 25,AD 41,C,Multiple,,SF,NA,1,0,Non-HMIS,No,No,0,0,32,0,0,0,,0,32,,,32,0,0,0,,,,,,,,,,26,32,81%
251381,448-019150,2016,TH,Divinity Prophet,A Home for Us,14015 S. Van Ness Avenue ,Gardena,CA,1,90249,61428,602600,SPA 8,SD 2,NA ,SSD 35,AD 62,N,Multiple,,SMF,NA,0,0,Non-HMIS,Yes,Yes,0,0,6,0,0,0,,0,0,,,6,0,0,0,,,,,,,,,,5,6,83%
250912,244-004150,2016,ES,Domestic Violence Center of the Santa Clarita Valley,Shelter Resident Services,,,CA,1,,,,SPA 2,SD 5,NA ,SSD 27,AD 38,C,,Facility-based beds,SMF+HC,DV,0,0,Non-HMIS,No,No,8,2,1,0,0,0,,0,0,,,9,0,0,0,,,,0,0,,,3,0,9,12,75%
251282,413-017250,2016,TH,Dream Center,Transitional Family Housing Program,2301 Bellevue Ave,Los Angeles,CA,1,90026,62118,195710,SPA 4,SD 1,CD13,SSD 24,AD 51,C,Single,,SMF+HC,NA,0,0,Non-HMIS,No,No,112,32,0,0,0,0,,0,0,,,112,0,0,0,,,,,,,,,,84,112,75%
251096,249-004451,2016,ES,Emmanuel Baptist Mission of Los Angeles,Short-Term Lodging,530 E 5th St,Los Angeles,CA,1,90013,62118,206300,SPA 4,SD 2,CD14,SSD 30,AD 53,C,,Facility-based beds,SM,NA,0,0,Non-HMIS,No,No,0,0,33,0,0,0,,0,0,,,33,0,0,0,,,,0,0,,,0,0,33,33,100%
250981,407-017052,2016,ES,Family Promise of East San Fernando Valley,Family Promise of San Gabriel Valley,1005 East Las Tunas Blvd,San Gabriel,CA,1,91776,69037,480102,SPA 3,SD 5,NA ,SSD 22,AD 49,C,,Other beds,HC,NA,0,0,Non-HMIS,No,No,14,5,0,0,0,0,,0,0,,,14,0,0,0,,,,0,0,,,0,0,12,14,86%
251281,407-017050,2016,TH,Family Promise of Santa Clarita Valley,Interfaith Hospitality Network,18565 Soledad Canyon Road #133,Canyon Country,CA,1,91351,63356,920035,SPA 2,SD 5,NA ,SSD 21,AD 38,C,Single,,HC,NA,1,0,Non-HMIS,No,No,14,4,0,14,0,0,,0,0,,,28,0,0,0,,,,,,,,,,7,28,25%
251211,419-017600,2016,ES,First Presbyterian Church of Hollywood,Hollywood Winter Refuge,1760 N Gower St,Hollywood,CA,1,90028,62118,191000,SPA 4,SD 3,CD13,SSD 26,AD 50,C,,Facility-based beds,SMF,NA,0,0,Non-HMIS,No,No,0,0,0,0,0,0,,0,0,,,0,0,0,0,,,,40,0,10/1/2015,3/31/2016,0,0,27,40,68%
250894,152-004600,2016,TH,"First To Serve, Inc.",Flimsy Reed,4052 Budlong Ave.,Los Angeles,CA,1,90037,62118,231600,SPA 6,SD 2,CD9,SSD 30,AD 59,C,Single,,SM,NA,0,0,Non-HMIS,No,No,0,0,22,0,0,0,,0,0,,,22,0,22,0,,100%,,,,,,,,22,22,100%
251176,152-004605,2016,TH,"First To Serve, Inc.",House of Dignity 1,,,CA,1,,,,SPA 6,SD 2,CD9,SSD 30,AD 59,C,Single,,SF,DV,0,0,Non-HMIS,Yes,Yes,0,0,15,0,0,0,,0,0,,,15,0,,0,,,,,,,,,,9,15,60%
251177,152-004606,2016,TH,"First To Serve, Inc.",House of Dignity 2,,,CA,1,,,,SPA 6,SD 2,CD9,SSD 30,AD 59,C,Single,,HC,DV,0,0,Non-HMIS,Yes,Yes,15,3,0,0,0,0,,0,0,,,15,,0,0,,,,,,,,,,9,15,60%
251292,257-005050,2016,TH,Good Shepherd Shelter of Los Angeles,Good Shepherd Shelter,,,CA,1,,,,SPA 4,SD 2,CD10,SSD 24,AD 53,C,Single,,SFHC,DV,0,0,Non-HMIS,No,No,39,13,0,0,0,0,,0,0,,,39,0,0,0,,,,,,,,,,41,39,105%
250950,326-005100,2016,ES,Gospel Missions of America,Gospel Missions of America,1803 Nausika Ave.,Rowland Heights,CA,1,91748,69037,408705,SPA 3,SD 4,NA ,SSD 29,AD 55,C,,Facility-based beds,SMF,NA,0,0,Non-HMIS,No,No,0,0,10,0,0,0,,0,0,,,10,0,0,0,,,,0,0,,,0,0,8,10,80%
250859,260-005350,2016,ES,"Haven Hills, Inc.",Crisis Shelter,,,CA,1,,,,SPA 2,SD 3,CD3,SSD 27,AD 45,C,,Facility-based beds,SFHC,DV,0,0,Non-HMIS,No,No,38,6,1,0,0,0,,0,0,,,39,0,0,0,,,,0,0,,,0,0,17,39,44%
250932,260-005351,2016,TH,"Haven Hills, Inc.",Haven Two Housing and Employment Program,,,CA,1,,,,SPA 2,SD 3,CD3,SSD 27,AD 45,C,Single,,SFHC,DV,0,0,Non-HMIS,No,No,108,16,0,0,0,0,,0,0,,,108,0,0,0,,,,,,,,,,44,108,41%
251065,022-005951,2016,ES,House of Ruth (Claremont),Emergency Shelter for Battered Women,,,CA,1,,,,SPA 3,SD 1,NA ,SSD 9,AD 18,C,,Facility-based beds,SFHC,DV,0,0,Non-HMIS,No,No,53,16,2,0,0,0,,0,0,,,55,0,0,0,,,,0,0,,,0,0,9,55,16%
250936,267-006000,2016,TH,House of Yahweh,Transitional Program,4046 Marine Ave,Lawndale,CA,1,90260,69037,603802,SPA 8,SD 2,NA ,SSD 35,AD 62,C,Single,,SMF+HC,NA,0,0,Non-HMIS,No,No,10,4,19,0,0,0,,0,0,,,29,0,0,0,,,,,,,,,,29,29,100%
251183,213-001800,2016,TH,"Immanuel Housing Inc (Formerly Beacon Housing, Inc.)",Casa de Alegria,,,CA,1,,,,SPA 4,SD 3,CD13,SSD 25,AD 43,C,Single,,SMF+HC,DV,0,0,Non-HMIS,No,No,50,15,1,0,0,0,,0,0,,,51,0,0,0,,,,,,,,,,50,51,98%
250915,268-006050,2016,ES,Inland Valley Council of Churches,Our House Shelter,1753 N. Park Ave.,Pomona,CA,1,91768,62850,402200,SPA 3,SD 1,NA ,SSD 9,AD 18,C,,Facility-based beds,HC,NA,0,0,Non-HMIS,Yes,Yes,14,7,2,0,0,0,,0,0,,,16,14,2,0,100%,100%,,0,0,,,0,0,12,16,75%
251252,392-016300,2016,TH,Integrated Recovery Network,Transitional Housing Program,1200 WIlshire Blvd,Los Angeles,CA,1,90017,62118,209102,SPA 4,SD 1,CD1,SSD 24,AD 53,C,Multiple,,SMF,NA,0,0,Non-HMIS,No,No,0,0,29,0,0,0,,0,0,,,29,0,0,0,,,,,,,,,,29,29,100%
251190,062-006151,2016,TH,"Jenesse Center, Inc.","Center for Women and Children, Sites A and B",,,CA,1,,,,SPA 6,SD 2,CD10,SSD 30,AD 54,C,Multiple,,SFHC,DV,0,0,Non-HMIS,Yes,Yes,70,23,4,0,0,0,,0,0,,,74,0,0,0,,,,,,,,,,40,74,54%
251300,062-006153,2016,ES,"Jenesse Center, Inc.",Fannie Lou Hamer Emergency Shelter,,,CA,1,,,,SPA 6,SD 2,CD10,SSD 30,AD 54,C,,Facility-based beds,SFHC,DV,0,0,Non-HMIS,No,No,24,5,2,0,0,0,,0,0,,,26,0,0,0,,,,0,0,,,0,0,13,26,50%
250882,109-006206,2016,TH,Jewish Family Services of Los Angeles,Family Violence Project/Hope Cottage,,,CA,1,,,,SPA 2,SD 3,CD4,SSD 18,AD 46,C,Single,,SFHC,DV,0,0,Non-HMIS,Yes,Yes,50,13,2,0,0,0,,0,0,,,52,0,0,0,,,,,,,,,,31,52,60%
263749,078-006309,2016,TH,"Jovenes, Inc.",Transition To My Place,1208 Pleasant Ave.,Los Angeles,CA,1,90033,62118,206032,SPA 4,SD 1,CD14,SSD 24,AD 53,C,Single,,SMF,NA,1,0,Non-HMIS,Yes,Yes,0,0,13,0,0,0,,0,13,,,13,0,13,0,,100%,,,,,,,,13,13,100%
251145,024-006353,2016,ES,"JWCH Institute, Inc.",HOPWA - Emergency Shelter,566 S. San Pedro St.,Los Angeles,CA,1,90013,62118,206300,SPA 4,SD 2,CD14,SSD 30,AD 53,C,,Facility-based beds,SMF,HIV,0,0,Non-HMIS,No,No,0,0,30,0,0,0,,0,0,,,30,0,0,0,,,,0,0,,,0,0,28,30,93%
251022,024-006360,2016,TH,"JWCH Institute, Inc.",HOPWA - Transitional Housing,566 S. San Pedro St.,Los Angeles,CA,1,90013,62118,206300,SPA 4,SD 2,CD14,SSD 30,AD 53,C,Single,,SMF,HIV,0,0,Non-HMIS,No,No,0,0,10,0,0,0,,0,0,,,10,0,0,0,,,,,,,,,,10,10,100%
251146,024-006358,2016,ES,"JWCH Institute, Inc.",Recuperative Care - Bell Shelter,5600 Rickenbacker Rd.,Bell,CA,1,90201,69037,532304,SPA 7,SD 1,NA ,SSD 32,AD 53,C,,Facility-based beds,SMF,HIV,0,1,Non-HMIS,No,No,0,0,30,0,0,0,,30,0,,,30,0,0,0,,,,0,0,,,0,0,30,30,100%
253810,026-006902,2016,ES,LA Family Housing Corporation,FSC Canby Emergency Housing,8822 Canby St,Northridge,CA,1,91325,62118,115202,SPA 2,SD 3,CD12,SSD 18,AD 45,C,,Facility-based beds,HC,NA,1,0,Non-HMIS,No,No,36,9,0,0,0,36,,0,0,,,36,0,0,0,,,,0,0,,,0,0,33,36,92%
251148,026-006872,2016,ES,LA Family Housing Corporation,LA Family Housing Valley Shelter - Emergency,7843 Lankershim Blvd.,North Hollywood,CA,1,91605,62118,121900,SPA 2,SD 3,CD6,SSD 18,AD 39,C,,Facility-based beds,SMF,NA,0,0,Non-HMIS,Yes,Yes,0,0,89,0,0,0,,0,0,,,89,0,89,0,,100%,,0,0,,,0,0,89,89,100%
251116,029-007000,2016,TH,LA House of Ruth,Casa Guadalupe Transitional Shelter,Confidential,Los Angeles,CA,1,90033,62118,203600,SPA 4,SD 1,CD14,SSD 24,AD 53,C,Single,,HC,NA,0,0,Non-HMIS,Yes,Yes,20,4,0,0,0,0,,0,0,,,20,20,0,0,100%,,,,,,,,,12,20,60%
251150,029-007002,2016,TH,LA House of Ruth,Transitional Shelter (609),Confidential,Los Angeles,CA,1,90033,62118,203600,SPA 4,SD 1,CD14,SSD 24,AD 53,C,Single,,SFHC,NA,0,0,Non-HMIS,Yes,Yes,17,4,0,0,0,0,,0,0,,,17,17,0,0,100%,,,,,,,,,13,17,76%
250916,271-006450,2016,TH,Little House,Residential Services,,,CA,1,,,,SPA 7,SD 4,NA ,SSD 32,AD 58,C,Single,,SF,DV,0,0,Non-HMIS,No,No,0,0,28,0,0,0,,0,0,,,28,,0,0,,,,,,,,,,28,28,100%
251279a,396-016451a,2016,ES,Los Angeles County Department of Public Social Services (DPSS),Cal Works Homeless Assistance Program* - 04 El Monte,3350 Aerojet Ave,El Monte,CA,1,91731,61152,433101,SPA 3,SD 1,NA ,SSD 22,AD 49,C,,Voucher beds,HC,NA,0,0,Non-HMIS,No,No,45,16,0,0,0,0,,0,0,,,45,0,0,0,,,,0,,,,,,45,45,100%
251279b,396-016451b,2016,ES,Los Angeles County Department of Public Social Services (DPSS),Cal Works Homeless Assistance Program* - 05 Belvedere,5445 Whittier Blvd.,Los Angeles,CA,1,90022,62118,531701,SPA 7,SD 1,NA ,SSD 24,AD 51,C,,Voucher beds,HC,NA,0,0,Non-HMIS,No,No,42,14,0,0,0,0,,0,0,,,42,0,0,0,,,,0,,,,,,42,42,100%
251279c,396-016451c,2016,ES,Los Angeles County Department of Public Social Services (DPSS),Cal Works Homeless Assistance Program* - 06 Cudahy,8130 S. Atlantic Ave.,Cudahy,CA,1,90201,69037,534301,SPA 7,SD 1,NA ,SSD 33,AD 63,C,,Voucher beds,HC,NA,0,0,Non-HMIS,No,No,56,19,0,0,0,0,,0,0,,,56,0,0,0,,,,0,,,,,,56,56,100%
251279d,396-016451d,2016,ES,Los Angeles County Department of Public Social Services (DPSS),Cal Works Homeless Assistance Program* - 11 East Valley,14545 Lanark St.,Panorama City,CA,1,91402,62118,120020,SPA 2,SD 3,CD6,SSD 18,AD 46,C,,Voucher beds,HC,NA,0,0,Non-HMIS,No,No,63,21,0,0,0,0,,0,0,,,63,0,0,0,,,,0,,,,,,63,63,100%
251279e,396-016451e,2016,ES,Los Angeles County Department of Public Social Services (DPSS),Cal Works Homeless Assistance Program* - 12 Expo Park,3833 S. Vermont Ave.,Los Angeles,CA,1,90037,62118,231220,SPA 6,SD 2,CD9,SSD 30,AD 59,C,,Voucher beds,HC,NA,0,0,Non-HMIS,No,No,84,29,0,0,0,0,,0,0,,,84,0,0,0,,,,0,,,,,,84,84,100%
251279f,396-016451f,2016,ES,Los Angeles County Department of Public Social Services (DPSS),Cal Works Homeless Assistance Program* - 13 Metro Family,2615 S. Grand Ave.,Los Angeles,CA,1,90007,62118,224600,SPA 6,SD 1,CD9,SSD 30,AD 59,C,,Voucher beds,HC,NA,0,0,Non-HMIS,No,No,73,25,0,0,0,0,,0,0,,,73,0,0,0,,,,0,,,,,,73,73,100%
251279g,396-016451g,2016,ES,Los Angeles County Department of Public Social Services (DPSS),Cal Works Homeless Assistance Program* - 15 Metro East,2855 E. Olympic Blvd.,Los Angeles,CA,1,90023,62118,205120,SPA 4,SD 1,CD14,SSD 24,AD 53,C,,Voucher beds,HC,NA,0,0,Non-HMIS,No,No,24,8,0,0,0,0,,0,0,,,24,0,0,0,,,,0,,,,,,24,24,100%
251279h,396-016451h,2016,ES,Los Angeles County Department of Public Social Services (DPSS),Cal Works Homeless Assistance Program* - 17 Florence,1740 E. Gage Ave.,Los Angeles,CA,1,90001,62118,532700,SPA 7,SD 2,NA ,SSD 33,AD 59,C,,Voucher beds,HC,NA,0,0,Non-HMIS,No,No,21,7,0,0,0,0,,0,0,,,21,0,0,0,,,,0,,,,,,21,21,100%
251279i,396-016451i,2016,ES,Los Angeles County Department of Public Social Services (DPSS),Cal Works Homeless Assistance Program* - 20 San Gabriel,3352 Aerojet Ave.,El Monte,CA,1,91731,61152,433101,SPA 3,SD 1,NA ,SSD 22,AD 49,C,,Voucher beds,HC,NA,0,0,Non-HMIS,No,No,45,15,0,0,0,0,,0,0,,,45,0,0,0,,,,0,,,,,,45,45,100%
251279j,396-016451j,2016,ES,Los Angeles County Department of Public Social Services (DPSS),Cal Works Homeless Assistance Program* - 26 Compton,211 E. Alondra Blvd.,Compton,CA,1,90220,60804,542502,SPA 6,SD 2,NA ,SSD 35,AD 64,C,,Voucher beds,HC,NA,0,0,Non-HMIS,No,No,56,19,0,0,0,0,,0,0,,,56,0,0,0,,,,0,,,,,,56,56,100%
251279k,396-016451k,2016,ES,Los Angeles County Department of Public Social Services (DPSS),Cal Works Homeless Assistance Program* - 27 So. Central,10728 S. Central Ave.,Los Angeles,CA,1,90059,62118,242000,SPA 6,SD 2,CD15,SSD 35,AD 64,C,,Voucher beds,HC,NA,0,0,Non-HMIS,No,No,94,32,0,0,0,0,,0,0,,,94,0,0,0,,,,0,,,,,,94,94,100%
251279l,396-016451l,2016,ES,Los Angeles County Department of Public Social Services (DPSS),Cal Works Homeless Assistance Program* - 31 South Family,17600 Santa Fe Ave.,Compton,CA,1,90221,60804,543305,SPA 8,SD 2,NA ,SSD 35,AD 64,C,,Voucher beds,HC,NA,0,0,Non-HMIS,No,No,110,37,0,0,0,0,,0,0,,,110,0,0,0,,,,0,,,,,,110,110,100%
251279m,396-016451m,2016,ES,Los Angeles County Department of Public Social Services (DPSS),Cal Works Homeless Assistance Program* - 34 Lancaster,349-B East Ave. K-6,Lancaster,CA,1,93535,61914,900504,SPA 1,SD 5,NA ,SSD 21,AD 36,C,,Voucher beds,HC,NA,0,0,Non-HMIS,No,No,157,53,0,0,0,0,,0,0,,,157,0,0,0,,,,0,,,,,,157,157,100%
251279n,396-016451n,2016,ES,Los Angeles County Department of Public Social Services (DPSS),Cal Works Homeless Assistance Program* - 36 Pomona,2040 W. Holt Ave.,Pomona,CA,1,91768,62850,402402,SPA 3,SD 1,NA ,SSD 20,AD 52,C,,Voucher beds,HC,NA,0,0,Non-HMIS,No,No,45,16,0,0,0,0,,0,0,,,45,0,0,0,,,,0,,,,,,45,45,100%
251279o,396-016451o,2016,ES,Los Angeles County Department of Public Social Services (DPSS),Cal Works Homeless Assistance Program* - 38 Metro North,2601 Wilshire Blvd.,Los Angeles,CA,1,90057,62118,208720,SPA 4,SD 2,CD1,SSD 24,AD 53,C,,Voucher beds,HC,NA,0,0,Non-HMIS,No,No,81,27,0,0,0,0,,0,0,,,81,0,0,0,,,,0,,,,,,81,81,100%
251279p,396-016451p,2016,ES,Los Angeles County Department of Public Social Services (DPSS),Cal Works Homeless Assistance Program* - 40 Norwalk,12727 Norwalk Blvd.,Norwalk,CA,1,90650,62490,552200,SPA 7,SD 4,NA ,SSD 32,AD 57,C,,Voucher beds,HC,NA,0,0,Non-HMIS,No,No,63,21,0,0,0,0,,0,0,,,63,0,0,0,,,,0,,,,,,63,63,100%
251279q,396-016451q,2016,ES,Los Angeles County Department of Public Social Services (DPSS),Cal Works Homeless Assistance Program* - 51 Santa Clarita,27233 Camp Plenty Rd.,Canyon Country,CA,1,91351,63356,920036,SPA 2,SD 5,NA ,SSD 21,AD 38,C,,Voucher beds,HC,NA,0,0,Non-HMIS,No,No,21,7,0,0,0,0,,0,0,,,21,0,0,0,,,,0,,,,,,21,21,100%
251279r,396-016451r,2016,ES,Los Angeles County Department of Public Social Services (DPSS),Cal Works Homeless Assistance Program* - 60 Rancho Park,11110 W. Pico Blvd.,Los Angeles,CA,1,90064,62118,267800,SPA 5,SD 3,CD5,SSD 30,AD 54,C,,Voucher beds,HC,NA,0,0,Non-HMIS,No,No,73,25,0,0,0,0,,0,0,,,73,0,0,0,,,,0,,,,,,73,73,100%
251279s,396-016451s,2016,ES,Los Angeles County Department of Public Social Services (DPSS),Cal Works Homeless Assistance Program* - 62 Paramount,2961 E. Victoria St.,Rancho Dominguez,CA,1,90221,69037,543305,SPA 8,SD 2,NA ,SSD 35,AD 64,C,,Voucher beds,HC,NA,0,0,Non-HMIS,No,No,45,15,0,0,0,0,,0,0,,,45,0,0,0,,,,0,,,,,,45,45,100%
251279t,396-016451t,2016,ES,Los Angeles County Department of Public Social Services (DPSS),Cal Works Homeless Assistance Program* - 66 Lincoln Heights,4077 N. Mission Rd.,Los Angeles,CA,1,90032,62118,199110,SPA 4,SD 1,CD14,SSD 24,AD 51,C,,Voucher beds,HC,NA,0,0,Non-HMIS,No,No,28,10,0,0,0,0,,0,0,,,28,0,0,0,,,,0,,,,,,28,28,100%
251279u,396-016451u,2016,ES,Los Angeles County Department of Public Social Services (DPSS),Cal Works Homeless Assistance Program* - 82 West Valley,21415-21615 Plummer St.,Chatsworth,CA,1,91311,62118,113237,SPA 2,SD 5,CD12,SSD 27,AD 38,C,,Voucher beds,HC,NA,0,0,Non-HMIS,No,No,73,25,0,0,0,0,,0,0,,,73,0,0,0,,,,0,,,,,,73,73,100%
251279v,396-016451v,2016,ES,Los Angeles County Department of Public Social Services (DPSS),Cal Works Homeless Assistance Program* - 83 SW Family,8300 S. Vermont Ave.,Los Angeles,CA,1,90044,62118,238320,SPA 6,SD 2,CD8,SSD 30,AD 59,C,,Voucher beds,HC,NA,0,0,Non-HMIS,No,No,192,65,0,0,0,0,,0,0,,,192,0,0,0,,,,0,,,,,,192,192,100%
250958a,396-016450a,2016,ES,Los Angeles County Department of Public Social Services (DPSS),GR Homeless Assistance Program (SPA 3),11652 E. Garvey Ave.,El Monte,CA,1,91732,61152,433403,SPA 3,SD 1,NA ,SSD 22,AD 48,C,,Voucher beds,SMF,NA,0,0,Non-HMIS,No,No,0,0,61,0,0,0,,0,0,,,61,0,0,0,,,,0,,,,,,61,61,100%
250958b,396-016450b,2016,ES,Los Angeles County Department of Public Social Services (DPSS),GR Homeless Assistance Program (SPA 5),8686 Venice Blvd.,Los Angeles,CA,1,90034,62118,270200,SPA 5,SD 2,CD10,SSD 30,AD 54,C,,Voucher beds,SMF,NA,0,0,Non-HMIS,No,No,0,0,6,0,0,0,,0,0,,,6,0,0,0,,,,0,,,,,,6,6,100%
250958c,396-016450c,2016,ES,Los Angeles County Department of Public Social Services (DPSS),GR Homeless Assistance Program (SPA 6),7517 S. San Pedro St.,Los Angeles,CA,1,90003,62118,239601,SPA 6,SD 2,CD9,SSD 30,AD 59,C,,Voucher beds,SMF,NA,0,0,Non-HMIS,No,No,0,0,38,0,0,0,,0,0,,,38,0,0,0,,,,0,,,,,,38,38,100%
250958d,396-016450d,2016,ES,Los Angeles County Department of Public Social Services (DPSS),GR Homeless Assistance Program (SPA 7),4531 E. Slauson Ave.,Maywood,CA,1,90270,69037,533701,SPA 7,SD 1,NA ,SSD 33,AD 63,C,,Voucher beds,SMF,NA,0,0,Non-HMIS,No,No,0,0,46,0,0,0,,0,0,,,46,0,0,0,,,,0,,,,,,46,46,100%
250958e,396-016450e,2016,ES,Los Angeles County Department of Public Social Services (DPSS),GR Homeless Assistance Program (SPA 8),1030 W. El Segundo Blvd.,Gardena,CA,1,90247,61428,602900,SPA 8,SD 2,NA ,SSD 35,AD 62,C,,Voucher beds,SMF,NA,0,0,Non-HMIS,No,No,0,0,53,0,0,0,,0,0,,,53,0,0,0,,,,0,,,,,,53,53,100%
251250,278-007100,2016,TH,Los Angeles Mission,Anne Douglas Center for Women,310 E. Winston Street,Los Angeles,CA,1,90013,62118,206200,SPA 4,SD 1,CD14,SSD 24,AD 53,C,Single,,SF,NA,0,0,Non-HMIS,No,No,0,0,27,0,0,0,,0,0,,,27,0,0,0,,,,,,,,,,27,27,100%
251245,278-007104,2016,ES,Los Angeles Mission,Overnight Beds for Men,303 East Fifth st,Los Angeles,CA,1,90013,62118,207301,SPA 4,SD 1,CD14,SSD 30,AD 53,C,,Facility-based beds,SM,NA,0,0,Non-HMIS,No,No,0,0,180,0,0,0,,0,0,,,180,0,0,0,,,,0,0,,,0,0,152,180,84%
250995,092-006503,2016,TH,LTSC Community Development Corporation,Kosumosu Transitional Housing,,,CA,1,,,,SPA 4,SD 1,CD14,SSD 24,AD 53,C,Single,,SFHC,DV,0,0,Non-HMIS,Yes,Yes,24,6,0,0,0,0,,0,0,,,24,0,0,0,,,,,,,,,,10,24,42%
251315,155-007504,2016,ES,Midnight Mission,EDAR Program (Everyone Deserves a Roof),601 S. San Pedro St.,Los Angeles,CA,1,90014,62118,206300,SPA 4,SD 2,CD14,SSD 30,AD 53,C,,Other beds,SM,NA,0,0,Non-HMIS,No,No,0,0,17,0,0,0,,0,0,,,17,0,0,0,,,,0,0,,,0,0,13,17,76%
250842,155-007503,2016,TH,Midnight Mission,Homelight Family Living,601 S. San Pedro St. ,Los Angeles,CA,1,90014,62118,206300,SPA 4,SD 2,CD14,SSD 30,AD 53,C,Single,,HC,NA,0,0,Non-HMIS,No,No,40,11,0,0,0,0,,0,0,,,40,0,0,0,,,,,,,,,,33,40,82%
251179,155-007502,2016,TH,Midnight Mission,Transitional Housing,601 S. San Pedro Street,Los Angeles,CA,1,90014,62118,206300,SPA 4,SD 2,CD14,SSD 30,AD 53,C,Single,,SM,NA,0,0,Non-HMIS,No,No,0,0,28,0,0,0,,0,0,,,28,0,0,0,,,,,,,,,,28,28,100%
254749,100-007873,2016,TH,"New Directions for Veterans, Inc.",Accelerated ReHousing Center (ARC),11303 Wilshire Blvd,Los Angeles,CA,1,90073,62118,701100,SPA 5,SD 3,NA ,SSD 26,AD 50,C,Single,,SM,NA,0,0,Non-HMIS,No,No,0,0,24,0,0,0,,0,0,,,24,0,0,0,,,,,,,,,,22,24,92%
250872,100-007851,2016,TH,"New Directions for Veterans, Inc.",GPD - Veterans Opportunity Center West,11301 Wilshire Blvd VA Building 257,Los Angeles,CA,1,90073,62118,701100,SPA 5,SD 3,NA ,SSD 26,AD 50,C,Single,,SM,NA,0,1,Non-HMIS,Yes,Yes,0,0,50,0,0,0,,43,0,,,50,0,50,0,,100%,,,,,,,,43,50,86%
250880,100-007856,2016,TH,"New Directions for Veterans, Inc.",GPD - Oasis for Veteran Women- Keaveney House,3471 S Barrington Avenue,Los Angeles,CA,1,90066,62118,271500,SPA 5,SD 2,CD11,SSD 30,AD 54,C,Single,,SF,NA,0,1,Non-HMIS,Yes,Yes,0,0,8,0,0,0,,8,0,,,8,0,8,0,,100%,,,,,,,,7,8,88%
250996,100-007859,2016,TH,"New Directions for Veterans, Inc.",GPD - Oasis for Veteran Women- Mitchell House,12536 Mitchell Ave,Los Angeles,CA,1,90066,62118,272201,SPA 5,SD 2,CD11,SSD 30,AD 54,C,Single,,SF,NA,0,1,Non-HMIS,Yes,Yes,0,0,6,0,0,0,,6,0,,,6,0,6,0,,100%,,,,,,,,2,6,33%
250873,100-007854,2016,TH,"New Directions for Veterans, Inc.",GPD - Veterans Opportunity Center-East,11301 Wilshire Blvd VA Building 116,Los Angeles,CA,1,90073,62118,701100,SPA 5,SD 3,NA ,SSD 26,AD 50,C,Single,,SM,NA,0,1,Non-HMIS,Yes,Yes,0,0,82,0,0,0,,82,0,,,82,0,82,0,,100%,,,,,,,,74,82,90%
250924,289-007901,2016,TH,New Economics For Women,La Posada,375 Columbia Avenue,Los Angeles,CA,1,90017,62118,209104,SPA 4,SD 1,CD1,SSD 24,AD 53,C,Single,,SM,NA,0,0,Non-HMIS,Yes,Yes,100,50,10,0,0,0,,0,0,,,110,0,0,0,,,,,,,,,,98,110,89%
250984,066-008102,2016,ES,OPCC,Daybreak Emergency Shelter,1751 Cloverfield Blvd,Santa Monica,CA,1,90404,63384,701801,SPA 5,SD 3,NA ,SSD 26,AD 50,C,,Facility-based beds,SF,NA,0,0,Non-HMIS,Yes,Yes,0,0,25,0,0,0,,0,0,,,25,0,25,0,,100%,,0,0,,,0,0,16,25,64%
251360,066-008124,2016,ES,OPCC,Samoshel,505 Olympic Blvd.,Santa Monica,CA,1,90404,63384,701802,SPA 5,SD 3,NA ,SSD 26,AD 50,N,,Facility-based beds,SMF,NA,0,0,Non-HMIS,Yes,Yes,0,0,70,0,0,0,,0,0,,,70,0,0,0,,,,0,0,,,0,0,60,70,86%
250940,066-008114,2016,TH,OPCC,Sojourn - Services for Battered Women and Their Children,,,CA,1,,,,SPA 5,SD 3,NA ,SSD 26,AD 50,C,Single,,SMF+HC,DV,0,0,Non-HMIS,No,No,22,4,0,0,0,0,,0,0,,,22,0,0,0,,,,,,,,,,15,22,68%
250864,066-008115,2016,TH,OPCC,Turning Point Transitional Housing,1447 16th Street,Santa Monica,CA,1,90404,63384,701702,SPA 5,SD 3,NA ,SSD 26,AD 50,C,Single,,SMF,NA,0,0,Non-HMIS,Yes,Yes,0,0,55,0,0,0,,0,0,,,55,0,55,0,,100%,,,,,,,,32,55,58%
250998,105-008951,2016,TH,Project New Hope,Residential Care Facilities for the Chronically Ill,1004 Echo Park Ave,Los Angeles,CA,1,90026,62118,197500,SPA 4,SD 1,CD1,SSD 24,AD 51,C,Multiple,,SMF,HIV,0,0,Non-HMIS,No,No,0,0,11,0,0,0,,0,0,,,11,0,0,0,,,,,,,,,,11,11,100%
250997,105-008950,2016,TH,Project New Hope,Transitional Residential Care Facility,1004 Echo Park Ave,Los Angeles,CA,1,90026,62118,197500,SPA 4,SD 1,CD1,SSD 24,AD 51,C,Single,,SMF,HIV,0,0,Non-HMIS,No,No,0,0,20,0,0,0,,0,0,,,20,0,0,0,,,,,,,,,,20,20,100%
250973,102-009009,2016,TH,"Prototypes, Inc.",Women's Center,,,CA,1,,,,SPA 3,SD 1,NA ,SSD 20,AD 52,C,Single,,SFHC,DV,0,0,Non-HMIS,No,No,83,24,51,0,0,0,,0,0,,,134,0,0,0,,,,,,,,,,84,134,63%
251172,060-009101,2016,ES,"Rainbow Services, LTD.",Rainbow House Emergency Shelter,,,CA,1,,,,SPA 8,SD 4,CD15,SSD 35,AD 70,C,,Facility-based beds,SMF+HC,DV,0,0,Non-HMIS,No,No,36,7,7,0,0,0,,0,0,,,43,0,0,,,,,0,0,,,0,0,12,43,28%
251189,060-009102,2016,TH,"Rainbow Services, LTD.",Villa Paloma Transitional Shelter,,,CA,1,,,,SPA 8,SD 4,CD15,SSD 35,AD 70,C,Single,,SMF+HC,DV,0,0,Non-HMIS,Yes,Yes,44,10,3,0,0,0,,0,0,,,47,0,0,0,,,,,,,,,,29,47,62%
250855,298-009150,2016,TH,Rancho San Antonio,Rancho San Antonio Transitional Housing Program,21000 Plummer Street,Chatsworth,CA,1,91311,62118,113303,SPA 2,SD 5,CD12,SSD 27,AD 45,C,Single,,SM,NA,1,0,Non-HMIS,No,No,0,0,16,0,0,0,,0,16,,,16,0,0,0,,,,,,,,,,16,16,100%
251188,300-009250,2016,TH,Richstone Family Center,Richstone - THP Plus and Transitional Living I,4431 W 137th Place,Hawthorne,CA,1,90250,61596,602402,SPA 8,SD 2,NA ,SSD 35,AD 62,C,Single,,SF,NA,0,0,Non-HMIS,No,No,0,0,7,0,0,0,,0,0,,,7,0,0,0,,,,,,,,,,7,7,100%
250846,104-009459,2016,TH,"San Fernando Valley Community Mental Health Center, Inc.",Sylvan Place Co-Op,14303 Sylvan Street,Van Nuys,CA,1,91401,62118,128210,SPA 2,SD 3,CD6,SSD 18,AD 46,C,Single,,SMF,NA,0,0,Non-HMIS,No,No,0,0,28,0,0,0,,0,0,,,28,0,0,0,,,,,,,,,,28,28,100%
251361,303-009500,2016,ES,San Fernando Valley Rescue Mission,Emergency Housing Program,8822 CANBY AVE,NORTHRIDGE,CA,1,91325,62118,115202,SPA 2,SD 3,CD12,SSD 18,AD 45,N,,Facility-based beds,HC,NA,0,0,Non-HMIS,No,No,50,14,0,0,0,0,,0,0,,,50,0,0,0,,,,0,0,,,0,0,50,50,100%
251089,072-010075,2016,ES,"Southern California Alcohol and Drug Program, Inc.",Angel Step Inn South - Downey,,,CA,1,,,,SPA 7,SD 4,NA ,SSD 32,AD 58,C,,Facility-based beds,SFHC,DV,0,0,Non-HMIS,Yes,Yes,26,7,4,0,0,0,,0,0,,,30,0,0,0,,,,0,0,,,0,0,9,30,30%
253814,039-009760,2016,ES,SRO Housing Corporation,DHS Crisis Housing,517 S. San Julian Street,Los Angeles,CA,1,90013,62118,206300,SPA 4,SD 2,CD14,SSD 30,AD 53,C,,Facility-based beds,SMF,NA,0,0,Non-HMIS,No,No,0,0,52,0,0,0,,0,0,,,52,0,0,0,,,,0,0,,,0,0,52,52,100%
254122,039-009761,2016,ES,SRO Housing Corporation,DMH - Basic Living Support Services,517 S. San Julian Street,Los Angeles,CA,1,90013,62118,206300,SPA 4,SD 2,CD14,SSD 30,AD 53,C,,Facility-based beds,SMF,NA,0,0,Non-HMIS,No,No,0,0,12,0,0,0,,0,0,,,12,0,0,0,,,,0,0,,,0,0,10,12,83%
251037,039-009744,2016,ES,SRO Housing Corporation,DPSS,517 S. San Julian Street,Los Angeles,CA,1,90013,62118,206300,SPA 4,SD 2,CD14,SSD 30,AD 53,C,,Voucher beds,SMF,NA,0,0,Non-HMIS,No,No,0,0,35,0,0,0,,0,0,,,35,0,0,0,,,,0,0,,,0,0,26,35,74%
254124,039-009762,2016,ES,SRO Housing Corporation,LAHSA Crisis Housing,517 S. San Julian Street,Los Angeles,CA,1,90013,62118,206300,SPA 4,SD 2,CD14,SSD 30,AD 53,C,,Facility-based beds,SMF,NA,0,0,Non-HMIS,No,No,0,0,20,0,0,0,,0,0,,,20,0,0,0,,,,0,0,,,0,0,17,20,85%
254125,039-009763,2016,ES,SRO Housing Corporation,SAT - TB,517 S. San Julian Street,Los Angeles,CA,1,90013,62118,206300,SPA 4,SD 2,CD14,SSD 30,AD 53,C,,Voucher beds,SMF,NA,0,0,Non-HMIS,No,No,0,0,5,0,0,0,,0,0,,,5,0,0,0,,,,0,0,,,0,0,2,5,40%
250896,157-010252,2016,TH,St. Anne's Maternity Home,St. Anne's Transitional Housing,151 North Occidental Boulevard,Los Angeles,CA,1,90026,62118,208610,SPA 4,SD 1,CD13,SSD 24,AD 51,C,Single,,SFHC,NA,1,0,Non-HMIS,Yes,Yes,96,32,5,0,0,96,,0,5,,,101,96,0,0,100%,,,,,,,,,60,101,59%
250943,073-010500,2016,ES,Su Casa - Ending Domestic Violence,Crisis Shelter,,,CA,1,,,,SPA 7,SD 4,NA ,SSD 32,AD 58,C,,Facility-based beds,SFHC,DV,0,0,Non-HMIS,No,No,22,5,0,0,0,0,,0,0,,,22,0,0,0,,,,0,0,,,0,0,10,22,45%
250986,073-010502,2016,TH,Su Casa - Ending Domestic Violence,Transitional Housing,,,CA,1,,,,SPA 7,SD 4,NA ,SSD 32,AD 58,C,Single,,HC,DV,0,0,Non-HMIS,No,No,24,4,0,0,0,0,,0,0,,,24,0,0,0,,,,,,,,,,14,24,58%
251164,040-009406,2016,TH,The Salvation Army,GPD - Exodus Lodge Transitional Housing,11301 WISLHIRE BOULEVARD,LOS ANGELES,CA,1,90073,62118,701100,SPA 5,SD 3,NA ,SSD 26,AD 50,C,Single,,SMF,NA,0,1,Non-HMIS,No,No,0,0,40,0,0,0,,40,0,,,40,0,40,0,,100%,,,,,,,,33,40,82%
251083,040-009410,2016,TH,The Salvation Army,GPD - Hope Harbor,3107 S. Grand Ave.,Los Angeles,CA,1,90007,62118,224600,SPA 6,SD 1,CD9,SSD 30,AD 59,C,Single,,SM,NA,0,1,Non-HMIS,No,No,0,0,4,0,0,0,,4,0,,,4,0,4,0,,100%,,,,,,,,1,4,25%
251086,040-009445,2016,ES,The Salvation Army,Pacific Clinics Emergency Shelter,5600 Rickenbacker Road Bldg. 2A/B,Bell,CA,1,90201,69037,532304,SPA 7,SD 1,NA ,SSD 32,AD 53,C,,Facility-based beds,SMF,NA,0,0,Non-HMIS,No,No,0,0,21,0,0,0,,0,0,,,21,0,0,0,,,,0,0,,,0,0,16,21,76%
251041,040-009416,2016,TH,The Salvation Army,The Salvation Army SC Division LA Santa Fe Springs TLC,,,CA,1,,,,SPA 7,SD 4,NA ,SSD 32,AD 57,C,Single,,HC,DV,0,0,Non-HMIS,Yes,Yes,116,28,0,0,0,0,,0,0,,,116,,,0,,,,,,,,,,43,116,37%
251042,040-009447,2016,TH,The Salvation Army,Wellness Center Transitional Housing (non-HMIS),5600 Rickenbacker Road Bldg. 2A/B,Bell,CA,1,90201,69037,532304,SPA 7,SD 1,NA ,SSD 32,AD 53,C,Single,,SMF,NA,0,0,Non-HMIS,No,No,0,0,10,0,0,0,,0,0,,,10,0,0,0,,,,,,,,,,11,10,110%
251372,110-009606,2016,TH,The Serra Project,Serra Project - 12th Avenue,1428 12th Ave ,Los Angeles,CA,1,90019,62118,218110,SPA 4,SD 2,CD10,SSD 30,AD 54,N,Single,,SMF,HIV,0,0,Non-HMIS,No,No,0,0,6,0,0,0,,0,0,,,6,0,0,0,,,,,,,,,,6,6,100%
251091,506-019700,2016,TH,The Teen Project Inc,Freehab,8140 Sunland Blvd,Sun Valley,CA,1,91352,62118,122122,SPA 2,SD 3,CD6,SSD 18,AD 39,C,Single,,SF,NA,1,0,Non-HMIS,No,No,0,0,85,0,0,0,,0,85,,,85,0,0,0,,,,,,,,,,35,85,41%
250856,314-010865,2016,TH,Union Rescue Mission,Apprentice,545 S. San Pedro St.,Los Angeles,CA,1,90013,62118,206300,SPA 4,SD 2,CD14,SSD 30,AD 53,C,Single,,SM,NA,0,0,Non-HMIS,No,No,0,0,88,0,0,0,,0,0,,,88,0,0,0,,,,,,,,,,53,88,60%
250909,314-010867,2016,TH,Union Rescue Mission,Gateway Transitional Men,545 S. San Pedro St.,Los Angeles,CA,1,90013,62118,206300,SPA 4,SD 2,CD14,SSD 30,AD 53,C,Single,,SMF,NA,0,0,Non-HMIS,No,No,0,0,303,0,0,0,,0,0,,,303,0,0,0,,,,,,,,,,299,303,99%
250929,314-010855,2016,TH,Union Rescue Mission,Hope Gardens Family Center,12249 Lopez Canyon Rd.,Sylmar,CA,1,91342,62118,930200,SPA 2,SD 5,NA ,SSD 18,AD 36,C,Single,,SFHC,NA,0,0,Non-HMIS,No,No,136,68,12,0,0,0,,0,0,,,148,0,0,0,,,,,,,,,,138,148,93%
250927,314-010850,2016,ES,Union Rescue Mission,Men/Women Guest Services - Emergency Shelter,545 S. San Pedro St.,Los Angeles,CA,1,90013,62118,206300,SPA 4,SD 2,CD14,SSD 30,AD 53,C,,Facility-based beds,SMF,NA,0,0,Non-HMIS,No,No,0,0,111,0,0,0,,0,0,,,111,0,0,0,,,,0,0,,,0,0,81,111,73%
250928,314-010851,2016,TH,Union Rescue Mission,Residential Recovery Program (CLDP),545 S. San Pedro St.,Los Angeles,CA,1,90013,62118,206300,SPA 4,SD 2,CD14,SSD 30,AD 53,C,Single,,SM,NA,0,0,Non-HMIS,No,No,0,0,176,0,0,0,,0,0,,,176,0,0,0,,,,,,,,,,87,176,49%
250908,314-010857,2016,ES,Union Rescue Mission,Women's and Children Emergency Beds - 1st STEP Family,545 S. San Pedro St.,Los Angeles,CA,1,90013,62118,206300,SPA 4,SD 2,CD14,SSD 30,AD 53,C,,Facility-based beds,HC,NA,0,0,Non-HMIS,No,No,100,36,0,0,0,0,,0,0,,,100,0,0,0,,,,0,0,,,0,0,100,100,100%
254763,144-010908,2016,TH,United Friends of the Children,UFC Pathways to Independence SPA 5,7061 W Manchester,Westchester,CA,1,90045,62118,276500,SPA 5,SD 2,CD11,SSD 26,AD 62,C,Single,,SMF+HC,NA,1,1,Non-HMIS,No,No,2,1,6,0,0,2,,2,4,,,8,0,0,0,,,,,,,,,,8,8,100%
254766,144-010909,2016,TH,United Friends of the Children,UFC Pathways to Independence SPA 7,10215 - 10231 Ruoff Ave,Whittier,CA,1,90604,64074,503302,SPA 7,SD 4,NA ,SSD 32,AD 57,C,Single,,SMF+HC,NA,1,1,Non-HMIS,No,No,6,3,81,0,0,6,,6,75,,,87,0,0,0,,,,,,,,,,71,87,82%
254767,144-010910,2016,TH,United Friends of the Children,UFC Pathways to Independence SPA 8,121 W 103rd Street,Los Angeles,CA,1,90047,62118,240500,SPA 6,SD 2,CD8,SSD 30,AD 64,C,Single,,SMF,NA,1,0,Non-HMIS,No,No,0,0,27,0,0,0,,0,27,,,27,0,0,0,,,,,,,,,,22,27,81%
250832,117-001451,2016,TH,Valley Oasis,Oasis House Transitional Housing Program for Victims of Domestic Violence,,,CA,1,,,,SPA 1,SD 5,NA ,SSD 21,AD 36,C,Single,,SMF+HC,DV,0,0,Non-HMIS,Yes,Yes,34,9,0,0,0,0,,0,0,,,34,,,0,,,,,,,,,,37,34,109%
250833,117-001453,2016,TH,Valley Oasis (formerly Antelope Valley Domestic Violence Council),Steppin' Into The Light,,,CA,1,,,,SPA 1,SD 5,NA ,SSD 21,AD 36,C,Single,,SMF+HC,DV,0,0,Non-HMIS,Yes,Yes,25,6,0,0,0,0,,0,0,,,25,,,0,,,,,,,,,,14,25,56%
251001,117-001454,2016,ES,Valley Oasis (formerly Antelope Valley Domestic Violence Council),Valley Oasis Shelter,,,CA,1,,,,SPA 1,SD 5,NA ,SSD 21,AD 36,C,,Facility-based beds,SMF+HC,DV,0,0,Non-HMIS,Yes,Yes,40,5,5,0,0,0,,0,0,,,45,0,0,0,,,,0,0,,,0,0,12,45,27%
251233,083-011301,2016,TH,Volunteers of America of Los Angeles,GPD - Billets,1801 Lake Shore Ave,Los Angeles,CA,1,90013,62118,197420,SPA 4,SD 1,CD13,SSD 24,AD 51,C,Single,,SMF,NA,0,1,Non-HMIS,No,No,0,0,72,0,0,0,,72,0,,,72,0,0,0,,,,,,,,,,70,72,97%
250868,083-011267,2016,TH,Volunteers of America of Los Angeles,The Barracks: Safe Haven for Chronically Homeless Vets,534 S. Crocker St,Los Angeles,CA,1,90013,62118,206300,SPA 4,SD 2,CD14,SSD 30,AD 53,C,Single,,SM,NA,0,1,Non-HMIS,No,No,0,0,128,0,0,0,,128,0,,,128,0,0,0,,,,,,,,,,115,128,90%
251280,398-016650,2016,ES,Women & Children's Crisis Shelter,Women & Children's Crisis Shelter,,,CA,1,,,,SPA 7,SD 4,NA ,SSD 22,AD 57,C,,Facility-based beds,SFHC,DV,0,0,Non-HMIS,No,No,28,7,0,0,0,0,,0,0,,,28,0,0,0,,,,0,0,,,0,0,6,28,21%
250911,322-011701,2016,TH,YWCA of San Gabriel Valley,WINGS Transitional Program,,,CA,1,,,,SPA 3,SD 5,NA ,SSD 22,AD 48,C,Single,,SFHC,DV,0,0,Non-HMIS,No,No,13,4,2,0,0,0,,0,0,,,15,0,0,0,,,,,,,,,,4,15,27%
250857,322-011700,2016,ES,YWCA of San Gabriel Valley,Women in Need Growing Strong (WINGS),,,CA,1,,,,SPA 3,SD 5,NA ,SSD 22,AD 48,C,,Facility-based beds,HC,DV,1,1,Non-HMIS,No,No,29,7,2,0,10,10,,0,0,,,31,0,0,0,,,,0,0,,,0,0,22,31,71%
