Row #,LAUID,Year,Proj. Type,Organization Name,Project Name,Address,Address 2,City,State,Number,ZIPCODE,Geo Code,Census Tract,SPA,SD,CD,SSD,AD,USCD,Community,Inventory Type,Bed Type,Rental Assistance Type,Target Pop. A,Target Pop. B,LAHSA Funded,In HMIS,Veteran Program,Youth Program,Beds HH w/ Children,Units HH w/ Children,Beds HH w/o Children,Beds HH w/ only Children,Veteran Beds HH w/ Children,Veteran Beds HH w/o Children,Youth Beds HH w/ Children,Youth Beds HH w/o Children,CH Beds HH w/ Children,CH Beds HH w/o Children,CH Beds HH w/ only Children,Other Federal Funding?,Other Federal Funding: HUD-VASH,Other Federal Funding: SSVF,Other Federal Funding: GPD,Other Federal Funding: HCHV,Other Federal Funding: CWT/TR,Other Federal Funding: BCP,Other Federal Funding: TLP,Other Federal Funding: MGH,Other Federal Funding: HOPWA,Other Federal Funding: PIH,Housing Type,McKinney- Vento,Year-Round Beds,HMIS Beds HH w/ Children,HMIS Beds HH w/o Children,HMIS Beds HH w/ only Children,% of HMIS Beds HH with Children,% of HMIS Beds HH without Children,% of HMIS Beds HH w/ only Children,Total Seasonal Beds,Seasonal Beds Available in HMIS,Availability Start Date,Availability End Date,Overflow Beds,HMIS Overflow Beds,PIT Count,Total Beds,Bed Utilization Rate,Unit Utilization Rate
296628,045-001025,2017,ES,1736 Family Crisis Center,Crisis and Bridge Housing Individual (1736),,,,,1,,,,SPA 8,SD 4,CD15,SSD 35,AD 64,USCD 44,,N,Facility-based beds,Not Applicable,SF,DV,Yes,No,No,No,,,20,,,0,,0,,,,No,,,,,,,,,,,Scattered,Yes,20,,0,,,,,,,,,,,2,20,10%,10%
283051,045-001002,2017,ES,1736 Family Crisis Center,Domestic Violence Shelter-LA 2,,,,,1,,,,SPA 6,SD 2,CD10,SSD 24,AD 53,USCD 34,,C,Facility-based beds,Not Applicable,SFHC,DV,No,No,No,No,0,0,1,0,0,0,0,0,,,,No,,,,,,,,,,,Single,No,1,,,,,,,0,0,,,0,0,1,1,100%,100%
283053,045-001022,2017,ES,1736 Family Crisis Center,Emergency Youth Shelter,1736 Monterey Blvd.,,Hermosa Beach,CA,1,90254,69037,621004,SPA 8,SD 4,NA ,SSD 26,AD 66,USCD 33,Hermosa Beach,C,Facility-based beds,Not Applicable,YMF,NA,Yes,Yes,No,Yes,,0,0,6,0,0,0,0,,,,Yes,No,No,No,No,No,Yes,No,No,No,No,Single,Yes,6,0,0,6,,,100%,0,0,,,0,0,3,6,50%,50%
283337,045-001023,2017,ES,1736 Family Crisis Center,RHY Basic Center,1736 Monterey Blvd.,,Hermosa Beach,CA,1,90254,69037,621004,SPA 8,SD 4,NA ,SSD 26,AD 66,USCD 33,Hermosa Beach,C,Facility-based beds,Not Applicable,YMF,NA,No,Yes,No,Yes,0,0,0,6,0,0,0,0,,,,Yes,No,No,No,No,No,Yes,No,No,No,No,Single,No,6,0,0,6,,,100%,0,0,,,0,0,2,6,33%,33%
283087,045-001021,2017,ES,1736 Family Crisis Center,South Bay 1 Domestic Violence Shelter,,,,,1,,,,SPA 8,SD 4,CD15,SSD 35,AD 64,USCD 44,,C,Facility-based beds,Not Applicable,SFHC,DV,No,No,No,No,8,3,4,0,0,0,0,0,,,,No,,,,,,,,,,,Scattered,No,12,0,0,,,,,0,0,,,0,0,9,12,75%,43%
282932,214-001850,2017,ES,Beacon Light Mission and Doors of Hope,Beacon Light Mission ES,525 Broad Ave.,,Wilmington,CA,1,90744,62118,294701,SPA 8,SD 4,CD15,SSD 35,AD 64,USCD 44,Wilmington,C,Facility-based beds,Not Applicable,SM,NA,No,No,Yes,No,0,0,20,0,0,2,0,0,,,,No,,,,,,,,,,,Single,No,20,0,0,0,,,,0,0,,,0,0,20,20,100%,100%
296631,214-001852,2017,ES,Beacon Light Mission and Doors of Hope,Doors of Hope ES,525 Broad Ave.,,Wilmington,CA,1,90744,62118,294701,SPA 8,SD 4,CD15,SSD 35,AD 64,USCD 44,Wilmington,C,Facility-based beds,Not Applicable,SF,NA,No,No,Yes,No,0,0,20,0,0,1,0,0,,,,No,,,,,,,,,,,Single,No,20,0,0,0,,,,,,,,0,0,20,20,100%,100%
283347,516-020050,2017,ES,Bethel LA Community Development Center,Winter Shelter Program - (Bethel),7900 South Western Avenue,5500 South Hoover Street,Los Angeles,CA,1,90047,62118,232700,SPA 6,SD 2,CD9,SSD 30,AD 59,USCD 37,Vermont Square,C,Facility-based beds,Not Applicable,SMF,NA,Yes,No,No,No,0,0,0,0,0,0,0,0,,,,No,,,,,,,,,,,Scattered,Yes,0,0,0,0,,,,200,200,12/1/2016,3/31/2017,0,0,174,200,87%,87%
282984,125-009550,2017,ES,Bridge to Home,Winter Shelter Program - Santa Clarita,23031 Drayton St.,,Santa Clarita,CA,1,91350,63356,920314,SPA 2,SD 5,NA ,SSD 21,AD 38,USCD 25,Santa Clarita,C,Facility-based beds,Not Applicable,SMF,NA,Yes,No,No,No,0,0,0,0,0,0,0,0,,,,No,,,,,,,,,,,Single,Yes,0,0,0,0,,,,60,60,11/21/2016,3/15/2017,0,0,60,60,100%,100%
296635,164-002365,2017,ES,"California Hispanic Commission on Alcohol & Drug Abuse, Inc. (CHCADA)",FSC Emergency Crisis Beds,310 E Foothill Blvd,,Pomona,CA,1,91767,62850,401704,SPA 3,SD 1,NA ,SSD 20,AD 52,USCD 35,Pomona,N,Facility-based beds,Not Applicable,HC,NA,No,No,No,No,15,4,0,0,0,0,0,0,,,,No,,,,,,,,,,,Single,No,15,0,0,0,,,,,,,,0,0,15,15,100%,100%
282884,164-002360,2017,ES,"California Hispanic Commission on Alcohol & Drug Abuse, Inc. (CHCADA)",Year Round Overnight Emergency Shelter (CHCADA),1171 Durfee Ave.,,South El Monte,CA,1,91733,69037,433802,SPA 3,SD 1,NA ,SSD 22,AD 57,USCD 38,Whittier Narrows,C,Facility-based beds,Not Applicable,HC,NA,Yes,No,No,No,24,6,0,0,0,0,0,0,,,,No,,,,,,,,,,,Single,Yes,24,0,0,0,,,,0,0,,,2,0,26,26,100%,63%
307265,013-002601,2017,ES,"Catholic Charities of Los Angeles, Inc.",Angel's Flight Youth Shelter a Part of Catholic Charities Los Angeles,357 So Westlake St,,Los Angeles,CA,1,90057,62118,208903,SPA 4,SD 1,CD1,SSD 24,AD 53,USCD 34,Westlake,C,Facility-based beds,Not Applicable,YMF,NA,No,No,No,Yes,0,0,0,16,0,0,0,0,,,,No,,,,,,,,,,,Single,No,16,0,0,0,,,,,,,,0,0,8,16,50%,50%
296637,013-002622,2017,ES,"Catholic Charities of Los Angeles, Inc.",FSC Emergency Shelter (Catholic Charities),670 W. 9th St,,San Pedro,CA,1,90731,62118,296600,SPA 8,SD 4,CD15,SSD 35,AD 70,USCD 44,San Pedro,N,Facility-based beds,Not Applicable,HC,NA,Yes,Yes,No,No,56,14,0,0,0,0,0,0,,,,No,,,,,,,,,,,Single,Yes,56,56,0,0,100%,,,0,0,,,0,0,45,56,80%,86%
283025,013-002606,2017,ES,"Catholic Charities of Los Angeles, Inc.",Languille Emergency Shelter,267 N. Belmont Ave.,,Los Angeles,CA,1,90026,62118,208302,SPA 4,SD 1,CD13,SSD 24,AD 51,USCD 34,Westlake,C,Facility-based beds,Not Applicable,SF,NA,Yes,Yes,No,No,0,0,30,0,0,0,0,0,,,,No,,,,,,,,,,,Single,Yes,30,0,30,0,,100%,,0,0,,,0,0,21,30,70%,67%
282921,128-002750,2017,ES,"Center for the Pacific Asian Family, Inc.",CPAF Emergency Shelter,,,,,1,,,,SPA 4,SD 3,CD5,SSD 26,AD 50,USCD 28,,C,Facility-based beds,Not Applicable,SMF+HC,DV,No,No,No,No,40,8,5,0,0,0,0,0,,,,No,,,,,,,,,,,Single,No,45,0,0,0,,,,0,0,,,0,0,8,45,18%,38%
283170,229-002950,2017,ES,Children of the Night,Children of the Night Housing Program,14530 Sylvan St.,,Van Nuys,CA,1,91411,62118,128303,SPA 2,SD 3,CD6,SSD 18,AD 46,USCD 29,Van Nuys,C,Facility-based beds,Not Applicable,YMF,NA,No,No,No,Yes,0,0,0,24,0,0,0,0,,,,No,,,,,,,,,,,Single,No,24,0,0,0,,,,0,0,,,0,0,15,24,62%,63%
283172,231-015701,2017,ES,City of Lancaster,Winter Shelter Program - Antelope Valley,44611 Yucca Ave.,,Lancaster,CA,1,93534,61914,900607,SPA 1,SD 5,NA ,SSD 21,AD 36,USCD 25,Lancaster,C,Facility-based beds,Not Applicable,SMF,NA,Yes,No,No,No,0,0,0,0,0,0,0,0,,,,No,,,,,,,,,,,Single,Yes,0,0,0,0,,,,55,0,12/1/2016,3/31/2017,0,0,55,55,100%,100%
283173,231-015702,2017,ES,City of Lancaster,Year Round Overnight Emergency Shelter (Lancaster),44611 Yucca Ave.,,Lancaster,CA,1,93534,61914,900607,SPA 1,SD 5,NA ,SSD 21,AD 36,USCD 25,Lancaster,C,Facility-based beds,Not Applicable,SMF,NA,Yes,Yes,No,No,0,0,25,0,0,0,0,0,,,,No,,,,,,,,,,,Single,Yes,25,0,25,0,,100%,,0,0,,,0,0,25,25,100%,100%
283305,508-019800,2017,ES,Claremont Homeless Advocacy Program,Overnight Accomodation,727 Harrison Ave,,Claremont,CA,1,91711,69037,401902,SPA 3,SD 1,NA ,SSD 25,AD 41,USCD 27,Claremont,C,Facility-based beds,Not Applicable,SMF,NA,No,No,No,No,0,0,15,0,0,0,0,0,,,,No,,,,,,,,,,,Single,No,15,0,0,0,,,,0,0,,,0,0,12,15,80%,80%
283065,018-003801,2017,ES,Covenant House of California,Covenant House Emergency Shelter,1325 N. Western Ave.,,Los Angeles,CA,1,90027,62118,190901,SPA 4,SD 3,CD13,SSD 24,AD 43,USCD 28,Hollywood,C,Facility-based beds,Not Applicable,SMF,NA,Yes,Yes,No,Yes,0,0,60,0,0,0,0,60,,,,No,,,,,,,,,,,Single,Yes,60,0,60,0,,100%,,0,0,,,0,0,57,60,95%,95%
282941,244-004150,2017,ES,Domestic Violence Center of the Santa Clarita Valley,Shelter Resident Services,,,,,1,,,,SPA 2,SD 5,NA ,SSD 27,AD 38,USCD 25,,C,Facility-based beds,Not Applicable,SMF+HC,DV,No,No,No,No,6,3,3,0,0,0,0,0,,,,No,,,,,,,,,,,Single,No,9,0,0,0,,,,0,0,,,0,0,4,9,44%,33%
308706,079-004251,2017,ES,East San Gabriel Valley Coalition for the Homeless,Winter Shelter Program - (East San Gabriel Valley),1345 Turnbull Canyon Road,,Hacienda Heights,CA,1,91745,69037,400402,SPA 3,SD 5,NA ,SSD 25,AD 48,USCD 27,Glendora,C,Facility-based beds,Not Applicable,SMF,NA,Yes,No,No,No,0,0,0,0,0,0,0,0,,,,No,,,,,,,,,,,Single,Yes,0,0,0,0,,,,201,201,12/1/2016,3/1/2017,,,201,201,100%,100%
283092,249-004451,2017,ES,Emmanuel Baptist Mission of Los Angeles,Short-Term Lodging,530 E 5th St,,Los Angeles,CA,1,90013,62118,206300,SPA 4,SD 2,CD14,SSD 30,AD 53,USCD 34,Skid Row,C,Facility-based beds,Not Applicable,SM,NA,No,No,No,No,0,0,33,0,0,0,0,0,,,,No,,,,,,,,,,,Single,No,33,0,0,0,,,,0,0,,,0,0,33,33,100%,100%
282993,407-017052,2017,ES,Family Promise of East San Fernando Valley,Family Promise of San Gabriel Valley,1005 E. Las Tunas Drive ,#525,San Gabriel,CA,1,91776,69037,480102,SPA 3,SD 5,NA ,SSD 22,AD 49,USCD 27,East San Gabriel,C,Facility-based beds,Not Applicable,HC,NA,No,No,No,No,15,7,0,0,0,0,0,0,,,,No,,,,,,,,,,,Scattered,No,15,0,0,0,,,,0,0,,,0,0,13,15,87%,43%
283348,517-020100,2017,ES,"Fathers and Mothers Who Care, Inc.",Emergency Shelter,10975 S. Vermont Ave. ,,Los Angeles,CA,1,90044,62118,600304,SPA 8,SD 2,NA ,SSD 30,AD 62,USCD 43,Westmont / West Athens,C,Facility-based beds,Not Applicable,SMF,NA,No,No,Yes,Yes,0,0,15,0,0,3,0,3,,,,No,,,,,,,,,,,Single,No,15,0,0,0,,,,0,0,,,0,0,15,15,100%,100%
308695,419-017601,2017,ES,First Presbyterian Church of Hollywood,Hollywood Winter Refuge,1760 N. Gower St.,,Hollywood,CA,1,90028,62118,191000,SPA 4,SD 3,CD13,SSD 26,AD 50,USCD 28,Hollywood,C,Other beds,Not Applicable,SMF,HIV,No,No,No,No,0,0,0,0,0,0,0,0,,,,No,,,,,,,,,,,Single,No,0,0,0,0,,,,35,0,1/8/2017,3/5/2017,0,0,26,35,74%,74%
296641,152-004610,2017,ES,"First To Serve, Inc.",Crisis and Bridge Housing Individual (First to Serve),1718 W. Vernon Ave. ,,Los Angeles,CA,1,90062,62118,232400,SPA 6,SD 2,CD8,SSD 30,AD 54,USCD 37,Vermont Square,N,Facility-based beds,Not Applicable,SMF,NA,Yes,Yes,No,No,0,0,59,0,0,0,0,0,,,,No,,,,,,,,,,,Single,Yes,59,0,59,0,,100%,,0,0,,,0,0,29,59,49%,49%
282878,152-004604,2017,ES,"First To Serve, Inc.",Winter Shelter Program - South Los Angeles,1177 W 25th Street,,Los Angeles,CA,1,90007,62118,207301,SPA 4,SD 1,CD14,SSD 30,AD 53,USCD 34,Skid Row,C,Facility-based beds,Not Applicable,SMF,NA,Yes,No,No,No,0,0,0,0,0,0,0,0,,,,No,,,,,,,,,,,Single,Yes,0,0,0,0,,,,150,150,12/1/2016,3/30/2017,0,0,115,150,77%,77%
282926,152-004602,2017,ES,"First To Serve, Inc.",Winter Shelter Program - Westside,1300 Federal Ave.,,Los Angeles,CA,1,90025,62118,267403,SPA 5,SD 3,CD11,SSD 26,AD 50,USCD 37,West Los Angeles,C,Facility-based beds,Not Applicable,SMF,NA,Yes,No,No,No,0,0,0,0,0,0,0,0,,,,No,,,,,,,,,,,Single,Yes,0,0,0,0,,,,160,160,12/1/2016,3/30/2017,0,0,120,160,75%,75%
282971,326-005100,2017,ES,Gospel Missions of America,Gospel Missions of America,1803 Nausika Ave.,,Rowland Heights,CA,1,91748,69037,408705,SPA 3,SD 4,NA ,SSD 29,AD 55,USCD 39,Rowland Heights,C,Facility-based beds,Not Applicable,SMF,NA,No,No,No,No,0,0,10,0,0,0,0,0,,,,No,,,,,,,,,,,Single,No,10,0,0,0,,,,0,0,,,0,0,8,10,80%,80%
296645,056-005265,2017,ES,Harbor Interfaith Services,DPSS Emergency Shelter Services,670 W. 9th Street,,San Pedro,CA,1,90730,62118,296600,SPA 8,SD 4,CD15,SSD 35,AD 70,USCD 44,San Pedro,C,Voucher beds,Not Applicable,HC,NA,Yes,Yes,No,No,9,3,0,0,0,0,0,0,,,,No,,,,,,,,,,,Multiple,Yes,9,9,0,0,100%,,,0,0,,,0,0,9,9,100%,100%
282867,056-005252,2017,ES,Harbor Interfaith Services,FSC Emergency Shelter (Harbor Interfaith),663 W. 10th St.,,San Pedro,CA,1,90731,62118,296902,SPA 8,SD 4,CD15,SSD 35,AD 70,USCD 44,San Pedro,C,Facility-based beds,Not Applicable,HC,NA,Yes,Yes,No,No,60,20,0,0,0,0,0,0,,,,No,,,,,,,,,,,Single,Yes,60,60,0,0,100%,,,0,0,,,0,0,59,60,98%,90%
296646,170-013309,2017,ES,Hathaway-Sycamores Child and Family Services Transitional Living Services,Crisis and Bridge Housing Youth (Hathaway Sycamores),2933 El Nido Dr,,Altadena,CA,1,91001,69037,460302,SPA 3,SD 5,NA ,SSD 25,AD 41,USCD 27,Altadena,N,Facility-based beds,Not Applicable,SMF,NA,Yes,Yes,No,Yes,,,6,,,0,,6,,,,No,,,,,,,,,,,Single,Yes,6,,6,,,100%,,,,,,,,2,6,33%,33%
282893,260-005350,2017,ES,"Haven Hills, Inc.",Crisis Shelter (Haven Hills),,,,,1,,,,SPA 2,SD 3,CD3,SSD 27,AD 45,USCD 30,,C,Facility-based beds,Not Applicable,SMF+HC,DV,No,No,No,No,32,6,4,0,0,0,0,0,,,,No,,,,,,,,,,,Single,No,36,,,,,,,0,0,,,0,0,15,36,42%,60%
283303,427-017855,2017,ES,Hope of the Valley Rescue Mission,Sylmar Armory,12860 Arroyo Street,,Sylmar,CA,1,91342,61470,106112,SPA 2,SD 3,CD7,SSD 18,AD 39,USCD 29,Sylmar,C,Facility-based beds,Not Applicable,SMF,NA,Yes,No,No,No,0,0,0,0,0,0,0,0,,,,No,,,,,,,,,,,Single,Yes,0,0,0,0,,,,170,170,12/1/2016,3/1/2017,0,0,170,170,100%,100%
283204,427-017850,2017,ES,Hope of the Valley Rescue Mission,The Genesis House,10264 RINCON AVE,,Pacoima,CA,1,91331,62118,104500,SPA 2,SD 3,CD7,SSD 18,AD 39,USCD 29,Pacoima,C,Facility-based beds,Not Applicable,HC,NA,No,No,No,No,30,9,0,0,0,0,0,0,,,,No,,,,,,,,,,,Single,No,30,0,0,0,,,,0,0,,,0,0,21,30,70%,89%
283068,022-005951,2017,ES,House of Ruth (Claremont),Emergency Shelter for Battered Women,,,,,1,,,,SPA 3,SD 1,NA ,SSD 25,AD 41,USCD 27,,C,Facility-based beds,Not Applicable,SFHC,DV,No,No,No,No,52,15,3,0,0,0,0,0,,,,No,,,,,,,,,,,Single,No,55,,0,,,,,0,0,,,0,0,30,55,55%,61%
282943,268-006050,2017,ES,Inland Valley Council of Churches,Our House Shelter,1753 N. Park Ave.,,Pomona,CA,1,91768,62850,402200,SPA 3,SD 1,NA ,SSD 20,AD 52,USCD 35,Pomona,C,Facility-based beds,Not Applicable,SMF+HC,NA,No,Yes,No,No,12,6,1,0,0,0,0,0,,,,No,,,,,,,,,,,Single,No,13,12,1,0,100%,100%,,0,0,,,0,0,8,13,62%,57%
283263,062-006157,2017,ES,"Jenesse Center, Inc.",Fannie Lou Hamer Emergency Shelter,,,,,1,,,,SPA 6,SD 2,CD10,SSD 30,AD 54,USCD 37,,C,Facility-based beds,Not Applicable,SMF+HC,DV,No,No,No,No,24,5,2,0,0,0,0,0,,,,No,,,,,,,,,,,Single,No,26,,,,,,,0,0,,,0,0,17,26,65%,100%
282998,078-006301,2017,ES,"Jovenes, Inc.",La Posada Emergency Shelter,1320 Pleasant Ave.,,Los Angeles,CA,1,90033,62118,206032,SPA 4,SD 1,CD14,SSD 24,AD 53,USCD 34,Boyle Heights,C,Facility-based beds,Not Applicable,SM,NA,Yes,Yes,No,Yes,0,0,12,0,0,0,0,12,,,,No,,,,,,,,,,,Single,Yes,12,0,12,0,,100%,,0,0,,,0,0,12,12,100%,100%
283136,024-006353,2017,ES,"JWCH Institute, Inc.",HOPWA - Emergency Shelter,566 S. San Pedro St.,,Los Angeles,CA,1,90013,62118,206300,SPA 4,SD 2,CD14,SSD 30,AD 53,USCD 34,Skid Row,C,Facility-based beds,Not Applicable,SMF,HIV,No,No,No,No,0,0,30,0,0,0,0,0,,,,Yes,No,No,No,No,No,No,No,No,Yes,No,Single,No,30,0,0,0,,,,0,0,,,0,0,28,30,93%,93%
283137,024-006358,2017,ES,"JWCH Institute, Inc.",Recuperative Care - Bell Shelter,5600 Rickenbacker Rd.,,Bell,CA,1,90201,69037,532304,SPA 7,SD 1,NA ,SSD 32,AD 58,USCD 40,Commerce,C,Facility-based beds,Not Applicable,SMF,NA,No,No,Yes,No,0,0,30,0,0,30,0,0,,,,Yes,No,No,No,No,No,No,No,No,No,No,Single,No,30,0,0,0,,,,0,0,,,0,0,24,30,80%,80%
283031,026-006855,2017,ES,LA Family Housing Corporation,Comunidad Cesar Chavez Family Shelter,207 N. Breed St.,,Los Angeles,CA,1,90033,62118,204420,SPA 4,SD 1,CD14,SSD 24,AD 53,USCD 34,Boyle Heights,C,Facility-based beds,Not Applicable,HC,NA,Yes,Yes,No,No,100,21,0,0,0,0,0,0,,,,No,,,,,,,,,,,Single,Yes,100,100,0,0,100%,,,0,0,,,0,0,66,100,66%,90%
306677,026-006899,2017,ES,LA Family Housing Corporation,Coordinated Assessment Motel Vouchers (LAFH),7843 Lankershim Blvd.,,Los Angeles,CA,1,91605,62118,121900,SPA 2,SD 3,CD6,SSD 18,AD 39,USCD 29,Sun Valley,C,Voucher beds,Not Applicable,SMF+HC,NA,Yes,Yes,No,No,25,9,1,,0,0,0,0,,,,No,,,,,,,,,,,Single,Yes,26,25,1,,100%,100%,,0,0,,,0,0,26,26,100%,100%
296647,026-006910,2017,ES,LA Family Housing Corporation,Crisis and Bridge Housing Individual (LAFH),7817 Simpson Ave. ,,North Hollywood,CA,1,91605,62118,121802,SPA 2,SD 3,CD6,SSD 18,AD 39,USCD 29,North Hollywood,C,Facility-based beds,Not Applicable,SMF,NA,Yes,Yes,No,No,,,50,,,0,,0,,,,No,,,,,,,,,,,Single,Yes,50,,50,,,100%,,,,,,,,37,50,74%,74%
283344,026-006902,2017,ES,LA Family Housing Corporation,FSC Canby Emergency Housing,8822 Canby St,,Northridge,CA,1,91325,62118,115202,SPA 2,SD 3,CD12,SSD 27,AD 45,USCD 30,Northridge,C,Facility-based beds,Not Applicable,HC,NA,Yes,No,No,Yes,36,9,0,0,0,0,36,0,,,,No,,,,,,,,,,,Single,Yes,36,0,0,0,,,,0,0,,,0,0,33,36,92%,100%
296648,026-006911,2017,ES,LA Family Housing Corporation,Interim Housing,7843 Lankershim Blvd.,,North Hollywood,CA,1,91605,62118,121900,SPA 2,SD 3,CD6,SSD 18,AD 39,USCD 29,Sun Valley,C,Facility-based beds,Not Applicable,SMF,NA,Yes,Yes,No,No,,,85,,,0,,0,,,,No,,,,,,,,,,,Single,Yes,85,,85,,,100%,,,,,,,,63,85,74%,74%
283343,026-006901,2017,ES,LA Family Housing Corporation,Path to Home Reserved Crisis Housing Program,7843 Lankershim Blvd.,,Los Angeles,CA,1,91605,62118,121900,SPA 2,SD 3,CD6,SSD 18,AD 39,USCD 29,Sun Valley,C,Facility-based beds,Not Applicable,SMF,NA,Yes,Yes,No,No,0,0,30,0,0,0,0,0,,,,No,,,,,,,,,,,Single,Yes,30,0,30,0,,100%,,0,0,,,0,0,26,30,87%,87%
307259,026-006872,2017,ES,LA Family Housing Corporation,Year Round Shelter Program (La Family Housing Corporation),7843 Lankershim Blvd.,,Los Angeles,CA,1,91605,62118,121900,SPA 2,SD 3,CD6,SSD 18,AD 39,USCD 29,Sun Valley,C,Facility-based beds,Not Applicable,SMF,NA,Yes,No,No,No,2,1,63,0,0,0,0,0,,,,No,,,,,,,,,,,Single,Yes,65,0,,0,,,,0,0,,,0,0,56,65,86%,86%
296688,028-006402,2017,ES,"Lamp, Inc.",Harm Reduction Program,222 South Hill St.,,Los Angeles,CA,1,90012,62118,207301,SPA 4,SD 1,CD14,SSD 30,AD 53,USCD 34,Skid Row,C,Facility-based beds,Not Applicable,SMF,NA,No,Yes,No,No,,,30,,,0,,0,,,,No,,,,,,,,,,,Single,No,30,,30,,,100%,,,,,,,,30,30,100%,100%
283345,028-006417,2017,ES,"Lamp, Inc.",Lamp Community Reserved Crisis Housing Program,527 S. Crocker St.,,Los Angeles,CA,1,90013,62118,206300,SPA 4,SD 2,CD14,SSD 30,AD 53,USCD 34,Skid Row,C,Facility-based beds,Not Applicable,SMF+HC,NA,Yes,Yes,No,No,0,0,20,0,0,0,0,0,,,,No,,,,,,,,,,,Single,Yes,20,0,20,0,,100%,,0,0,,,0,0,19,20,95%,95%
283268,028-006408,2017,ES,"Lamp, Inc.",Village Shelter AB109,"527 Crocker St,",,Los Angeles,CA,1,90013,62118,206300,SPA 4,SD 2,CD14,SSD 30,AD 53,USCD 34,Skid Row,C,Facility-based beds,Not Applicable,SMF,NA,No,No,No,No,0,0,98,0,0,0,0,0,,,,No,,,,,,,,,,,Single,No,98,0,0,0,,,,0,0,,,0,0,88,98,90%,90%
283243,396-016451a,2017,ES,Los Angeles County Department of Public Social Services (DPSS),Cal Works Homeless Assistance Program* - 04 El Monte,3350 Aerojet Ave,,El Monte,CA,1,91731,61152,433101,SPA 3,SD 1,NA ,SSD 22,AD 49,USCD 32,El Monte,C,Voucher beds,Not Applicable,HC,NA,No,No,No,No,142,50,0,0,0,0,0,0,,,,No,,,,,,,,,,,Multiple,No,142,0,0,0,,,,0,0,,,0,0,142,142,100%,100%
307349,396-016451b,2017,ES,Los Angeles County Department of Public Social Services (DPSS),Cal Works Homeless Assistance Program* - 05 Belvedere,5445 Whittier Blvd.,,Los Angeles,CA,1,90022,62118,531701,SPA 7,SD 1,NA ,SSD 24,AD 51,USCD 40,East Los Angeles,C,Voucher beds,Not Applicable,HC,NA,No,No,No,No,106,37,,,0,,0,,,,,No,,,,,,,,,,,Multiple,No,106,0,,,,,,,,,,,,106,106,100%,100%
307350,396-016451c,2017,ES,Los Angeles County Department of Public Social Services (DPSS),Cal Works Homeless Assistance Program* - 06 Cudahy,8130 S. Atlantic Ave.,,Cudahy,CA,1,90201,69037,534301,SPA 7,SD 1,NA ,SSD 33,AD 63,USCD 40,Cudahy,C,Voucher beds,Not Applicable,HC,NA,No,No,No,No,140,49,,,0,,0,,,,,No,,,,,,,,,,,Multiple,No,140,0,,,,,,,,,,,,140,140,100%,100%
307351,396-016451d,2017,ES,Los Angeles County Department of Public Social Services (DPSS),Cal Works Homeless Assistance Program* - 11 East Valley,14545 Lanark St.,,Panorama City,CA,1,91402,62118,120020,SPA 2,SD 3,CD6,SSD 18,AD 46,USCD 29,Panorama City,C,Voucher beds,Not Applicable,HC,NA,No,No,No,No,154,54,,,0,,0,,,,,No,,,,,,,,,,,Multiple,No,154,0,,,,,,,,,,,,154,154,100%,100%
307352,396-016451e,2017,ES,Los Angeles County Department of Public Social Services (DPSS),Cal Works Homeless Assistance Program* - 12 Expo Park,3833 S. Vermont Ave.,,Los Angeles,CA,1,90037,62118,231220,SPA 6,SD 2,CD9,SSD 30,AD 59,USCD 37,Adams,C,Voucher beds,Not Applicable,HC,NA,No,No,No,No,186,65,,,0,,0,,,,,No,,,,,,,,,,,Multiple,No,186,0,,,,,,,,,,,,186,186,100%,100%
307354,396-016451f,2017,ES,Los Angeles County Department of Public Social Services (DPSS),Cal Works Homeless Assistance Program* - 13 Metro Family,2615 S. Grand Ave.,,Los Angeles,CA,1,90007,62118,224600,SPA 6,SD 1,CD9,SSD 30,AD 59,USCD 37,South Central,C,Voucher beds,Not Applicable,HC,NA,No,No,No,No,200,70,,,0,,0,,,,,No,,,,,,,,,,,Multiple,No,200,0,,,,,,,,,,,,200,200,100%,100%
307355,396-016451g,2017,ES,Los Angeles County Department of Public Social Services (DPSS),Cal Works Homeless Assistance Program* - 15 Metro East,2855 E. Olympic Blvd.,,Los Angeles,CA,1,90023,62118,205120,SPA 4,SD 1,CD14,SSD 24,AD 53,USCD 34,Boyle Heights,C,Voucher beds,Not Applicable,HC,NA,No,No,No,No,72,25,,,0,,0,,,,,No,,,,,,,,,,,Multiple,No,72,0,,,,,,,,,,,,72,72,100%,100%
307357,396-016451h,2017,ES,Los Angeles County Department of Public Social Services (DPSS),Cal Works Homeless Assistance Program* - 17 Florence,1740 E. Gage Ave.,,Los Angeles,CA,1,90001,62118,532700,SPA 7,SD 2,NA ,SSD 33,AD 59,USCD 40,Florence-Graham,C,Voucher beds,Not Applicable,HC,NA,No,No,No,No,60,21,,,0,,0,,,,,No,,,,,,,,,,,Multiple,No,60,0,,,,,,,,,,,,60,60,100%,100%
307359,396-016451i,2017,ES,Los Angeles County Department of Public Social Services (DPSS),Cal Works Homeless Assistance Program* - 20 San Gabriel,3352 Aerojet Ave.,,El Monte,CA,1,91731,61152,433101,SPA 3,SD 1,NA ,SSD 22,AD 49,USCD 32,El Monte,C,Voucher beds,Not Applicable,HC,NA,No,No,No,No,100,35,,,0,,0,,,,,No,,,,,,,,,,,Multiple,No,100,0,,,,,,,,,,,,100,100,100%,100%
307361,396-016451j,2017,ES,Los Angeles County Department of Public Social Services (DPSS),Cal Works Homeless Assistance Program* - 26 Compton,211 E. Alondra Blvd.,,Compton,CA,1,90220,60804,542502,SPA 6,SD 2,NA ,SSD 35,AD 64,USCD 44,Compton,C,Voucher beds,Not Applicable,HC,NA,No,No,No,No,160,56,,,0,,0,,,,,No,,,,,,,,,,,Multiple,No,160,0,,,,,,,,,,,,160,160,100%,100%
307362,396-016451k,2017,ES,Los Angeles County Department of Public Social Services (DPSS),Cal Works Homeless Assistance Program* - 27 So. Central,10728 S. Central Ave.,,Los Angeles,CA,1,90059,62118,242000,SPA 6,SD 2,CD15,SSD 35,AD 64,USCD 44,Watts,C,Voucher beds,Not Applicable,HC,NA,No,No,No,No,232,81,,,0,,0,,,,,No,,,,,,,,,,,Multiple,No,232,0,,,,,,,,,,,,232,232,100%,100%
307363,396-016451l,2017,ES,Los Angeles County Department of Public Social Services (DPSS),Cal Works Homeless Assistance Program* - 31 South Family,17600 Santa Fe Ave.,,Compton,CA,1,90221,60804,543305,SPA 8,SD 2,NA ,SSD 35,AD 64,USCD 44,Unincorporated Compton,C,Voucher beds,Not Applicable,HC,NA,No,No,No,No,257,90,,,0,,0,,,,,No,,,,,,,,,,,Multiple,No,257,0,,,,,,,,,,,,257,257,100%,100%
307365,396-016451m,2017,ES,Los Angeles County Department of Public Social Services (DPSS),Cal Works Homeless Assistance Program* - 34 Lancaster,349-B East Ave. K-6,,Lancaster,CA,1,93535,61914,900300,SPA 1,SD 5,NA ,SSD 21,AD 36,USCD 25,Unincorporated Antelope Valley,C,Voucher beds,Not Applicable,HC,NA,No,No,No,No,392,137,,,0,,0,,,,,No,,,,,,,,,,,Multiple,No,392,0,,,,,,,,,,,,392,392,100%,100%
307367,396-016451n,2017,ES,Los Angeles County Department of Public Social Services (DPSS),Cal Works Homeless Assistance Program* - 36 Pomona,2040 W. Holt Ave.,,Pomona,CA,1,91768,62850,402402,SPA 3,SD 1,NA ,SSD 20,AD 52,USCD 35,Pomona,C,Voucher beds,Not Applicable,HC,NA,No,No,No,No,112,39,,,0,,0,,,,,No,,,,,,,,,,,Multiple,No,112,0,,,,,,,,,,,,112,112,100%,100%
307368,396-016451o,2017,ES,Los Angeles County Department of Public Social Services (DPSS),Cal Works Homeless Assistance Program* - 38 Metro North,2601 Wilshire Blvd.,,Los Angeles,CA,1,90057,62118,208720,SPA 4,SD 2,CD1,SSD 24,AD 53,USCD 34,Westlake,C,Voucher beds,Not Applicable,HC,NA,No,No,No,No,186,65,,,0,,0,,,,,No,,,,,,,,,,,Multiple,No,186,0,,,,,,,,,,,,186,186,100%,100%
307369,396-016451p,2017,ES,Los Angeles County Department of Public Social Services (DPSS),Cal Works Homeless Assistance Program* - 40 Norwalk,12727 Norwalk Blvd.,,Norwalk,CA,1,90650,62490,552200,SPA 7,SD 4,NA ,SSD 32,AD 57,USCD 38,Norwalk,C,Voucher beds,Not Applicable,HC,NA,No,No,No,No,152,53,,,0,,0,,,,,No,,,,,,,,,,,Multiple,No,152,0,,,,,,,,,,,,152,152,100%,100%
307370,396-016451q,2017,ES,Los Angeles County Department of Public Social Services (DPSS),Cal Works Homeless Assistance Program* - 51 Santa Clarita,27233 Camp Plenty Rd.,,Canyon Country,CA,1,91351,63356,920036,SPA 2,SD 5,NA ,SSD 21,AD 38,USCD 25,Santa Clarita,C,Voucher beds,Not Applicable,HC,NA,No,No,No,No,89,31,,,0,,0,,,,,No,,,,,,,,,,,Multiple,No,89,0,,,,,,,,,,,,89,89,100%,100%
307371,396-016451r,2017,ES,Los Angeles County Department of Public Social Services (DPSS),Cal Works Homeless Assistance Program* - 60 Rancho Park,11110 W. Pico Blvd.,,Los Angeles,CA,1,90064,62118,267800,SPA 5,SD 3,CD5,SSD 30,AD 54,USCD 37,Westside,C,Voucher beds,Not Applicable,HC,NA,No,No,No,No,169,59,,,0,,0,,,,,No,,,,,,,,,,,Multiple,No,169,0,,,,,,,,,,,,169,169,100%,100%
307372,396-016451s,2017,ES,Los Angeles County Department of Public Social Services (DPSS),Cal Works Homeless Assistance Program* - 62 Paramount,2961 E. Victoria St.,,Rancho Dominguez,CA,1,90221,69037,543305,SPA 8,SD 2,NA ,SSD 35,AD 64,USCD 44,Unincorporated Compton,C,Voucher beds,Not Applicable,HC,NA,No,No,No,No,106,37,,,0,,0,,,,,No,,,,,,,,,,,Multiple,No,106,0,,,,,,,,,,,,106,106,100%,100%
307374,396-016451t,2017,ES,Los Angeles County Department of Public Social Services (DPSS),Cal Works Homeless Assistance Program* - 66 Lincoln Heights,4077 N. Mission Rd.,,Los Angeles,CA,1,90032,62118,199110,SPA 4,SD 1,CD14,SSD 24,AD 51,USCD 34,El Sereno,C,Voucher beds,Not Applicable,HC,NA,No,No,No,No,69,24,,,0,,0,,,,,No,,,,,,,,,,,Multiple,No,69,0,,,,,,,,,,,,69,69,100%,100%
307375,396-016451u,2017,ES,Los Angeles County Department of Public Social Services (DPSS),Cal Works Homeless Assistance Program* - 82 West Valley,21415-21615 Plummer St.,,Chatsworth,CA,1,91311,62118,113237,SPA 2,SD 5,CD12,SSD 27,AD 45,USCD 30,Chatsworth,C,Voucher beds,Not Applicable,HC,NA,No,No,No,No,180,63,,,0,,0,,,,,No,,,,,,,,,,,Multiple,No,180,0,,,,,,,,,,,,180,180,100%,100%
307376,396-016451v,2017,ES,Los Angeles County Department of Public Social Services (DPSS),Cal Works Homeless Assistance Program* - 83 SW Family,8300 S. Vermont Ave.,,Los Angeles,CA,1,90044,62118,238320,SPA 6,SD 2,CD8,SSD 30,AD 59,USCD 43,South Vermont,C,Voucher beds,Not Applicable,HC,NA,No,No,No,No,458,160,,,0,,0,,,,,No,,,,,,,,,,,Multiple,No,458,0,,,,,,,,,,,,458,458,100%,100%
282978,396-016450a,2017,ES,Los Angeles County Department of Public Social Services (DPSS),GR Homeless Assistance Program (SPA 2),7843 Lankershim Blvd.,,Los Angeles,CA,1,91605,69037,121802,SPA 2,SD 3,CD6,SSD 18,AD 39,USCD 29,North Hollywood,C,Voucher beds,Not Applicable,SMF,NA,No,No,No,No,0,0,6,0,0,0,0,0,,,,No,,,,,,,,,,,Multiple,No,6,0,0,0,,,,0,0,,,0,0,6,6,100%,100%
307340,396-016450b,2017,ES,Los Angeles County Department of Public Social Services (DPSS),GR Homeless Assistance Program (SPA 3),11652 E. Garvey Ave.,,El Monte,CA,1,91732,61152,433403,SPA 3,SD 1,NA ,SSD 22,AD 48,USCD 32,El Monte,C,Voucher beds,Not Applicable,SMF,NA,No,No,No,No,,,8,,,0,,0,,,,No,,,,,,,,,,,Multiple,No,8,,,,,,,,,,,,,8,8,100%,100%
307342,396-016450c,2017,ES,Los Angeles County Department of Public Social Services (DPSS),GR Homeless Assistance Program (SPA 4),566 S. San Pedro St.,,Los Angeles,CA,1,90013,62118,206300,SPA 4,SD 2,CD14,SSD 30,AD 53,USCD 34,Skid Row,C,Voucher beds,Not Applicable,SMF,NA,No,No,No,No,,,54,,,0,,0,,,,No,,,,,,,,,,,Multiple,No,54,,0,,,,,,,,,,,54,54,100%,100%
307344,396-016450d,2017,ES,Los Angeles County Department of Public Social Services (DPSS),GR Homeless Assistance Program (SPA 5),8686 Venice Blvd.,,Los Angeles,CA,1,90034,62118,270200,SPA 5,SD 2,CD10,SSD 30,AD 54,USCD 37,Palms,C,Voucher beds,Not Applicable,SMF,NA,No,No,No,No,,,4,,,0,,0,,,,No,,,,,,,,,,,Multiple,No,4,,0,,,,,,,,,,,4,4,100%,100%
307345,396-016450e,2017,ES,Los Angeles County Department of Public Social Services (DPSS),GR Homeless Assistance Program (SPA 6),9714 S. Figueroa Street,,Los Angeles,CA,1,90003,62118,240401,SPA 6,SD 2,CD8,SSD 30,AD 64,USCD 43,South Vermont,C,Voucher beds,Not Applicable,SMF,NA,No,No,No,No,,,25,,,0,,0,,,,No,,,,,,,,,,,Multiple,No,25,,0,,,,,,,,,,,25,25,100%,100%
307347,396-016450f,2017,ES,Los Angeles County Department of Public Social Services (DPSS),GR Homeless Assistance Program (SPA 7),4531 E. Slauson Ave.,,Maywood,CA,1,90270,69037,533701,SPA 7,SD 1,NA ,SSD 33,AD 63,USCD 40,Maywood,C,Voucher beds,Not Applicable,SMF,NA,No,No,No,No,,,70,,,0,,0,,,,No,,,,,,,,,,,Multiple,No,70,,0,,,,,,,,,,,70,70,100%,100%
307348,396-016450g,2017,ES,Los Angeles County Department of Public Social Services (DPSS),GR Homeless Assistance Program (SPA 8),1030 W. El Segundo Blvd.,,Gardena,CA,1,90247,61428,602900,SPA 8,SD 2,NA ,SSD 35,AD 62,USCD 43,Gardena,C,Voucher beds,Not Applicable,SMF,NA,No,No,No,No,,,161,,,0,,0,,,,No,,,,,,,,,,,Multiple,No,161,,0,,,,,,,,,,,161,161,100%,100%
296689,179-006907,2017,ES,Los Angeles Gay & Lesbian Community Services Center,Crisis and Bridge Housing Youth,1220 N. Highland Ave.,,Los Angeles,CA,1,90038,62118,191901,SPA 4,SD 3,CD4,SSD 26,AD 50,USCD 28,Hollywood,C,Facility-based beds,Not Applicable,SMF,NA,Yes,Yes,No,Yes,,,16,,,0,,16,,,,No,,,,,,,,,,,Single,Yes,16,,16,,,100%,,,,,,,,16,16,100%,100%
283220,278-007104,2017,ES,Los Angeles Mission,Overnight Beds for Men,303 East Fifth st,,Los Angeles,CA,1,90013,62118,207301,SPA 4,SD 1,CD14,SSD 30,AD 53,USCD 34,Skid Row,C,Facility-based beds,Not Applicable,SM,NA,No,No,No,No,0,0,187,0,0,0,0,0,,,,No,,,,,,,,,,,Single,No,187,0,0,0,,,,0,0,,,0,0,183,187,98%,98%
282873,121-007202,2017,ES,Los Angeles Youth Network (LAYN),Hollywood Youth Shelter,1719 Taft Ave,,Los Angeles,CA,1,90028,62118,191000,SPA 4,SD 3,CD13,SSD 26,AD 50,USCD 28,Hollywood,C,Facility-based beds,Not Applicable,YMF,NA,Yes,Yes,No,Yes,0,0,0,17,0,0,0,0,,,,No,,,,,,,,,,,Single,Yes,17,0,0,17,,,100%,0,0,,,0,0,14,17,82%,82%
282919,121-007203,2017,ES,Los Angeles Youth Network (LAYN),Taft Youth Shelter,1754 Taft Ave,,Los Angeles,CA,1,90028,62118,191000,SPA 4,SD 3,CD13,SSD 26,AD 50,USCD 28,Hollywood,C,Facility-based beds,Not Applicable,YMF,NA,Yes,Yes,No,Yes,0,0,0,6,0,0,0,0,,,,No,,,,,,,,,,,Single,Yes,6,0,0,6,,,100%,0,0,,,0,0,5,6,83%,83%
296690,527-020701,2017,ES,National Health Foundation,Pathway Recuperative Care LA,5136  Washington ,,Los Angeles,CA,1,90016,62118,218500,SPA 6,SD 2,CD10,SSD 30,AD 54,USCD 37,Mid City,N,Facility-based beds,Not Applicable,SMF,NA,Yes,Yes,No,No,,,26,,,0,,0,,,,No,,,,,,,,,,,Single,Yes,26,,26,,,100%,,,,,,,,18,26,69%,69%
296691,527-020702,2017,ES,National Health Foundation,Pathway Recuperative Care SGV,13010 Valley Blvd. ,,La Puente,CA,1,91746,69037,408301,SPA 3,SD 1,NA ,SSD 22,AD 57,USCD 32,Avocado Heights,N,Facility-based beds,Not Applicable,SMF,NA,No,Yes,No,No,,,14,,,0,,0,,,,No,,,,,,,,,,,Single,No,14,,14,,,100%,,,,,,,,10,14,71%,71%
296692,429-018001,2017,ES,New Direction Community Programs,2016 CES Crisis/Bridge Housing SPA 6,8124 S. Western Ave,,Los Angeles,CA,1,90047,62118,238100,SPA 6,SD 2,CD8,SSD 30,AD 59,USCD 37,South Vermont,N,Facility-based beds,Not Applicable,SM,NA,Yes,Yes,No,No,,,30,,,0,,0,,,,No,,,,,,,,,,,Single,Yes,30,,30,,,100%,,,,,,2,0,32,32,100%,100%
283363,100-007873,2017,ES,"New Directions for Veterans, Inc.",Accelerated ReHousing Center (ARC),11303 Wilshire Boulevard,VA Building 116,Los Angeles,CA,1,90073,62118,701100,SPA 5,SD 3,NA ,SSD 26,AD 54,USCD 33,US Department of Affairs West LA Campus,C,Facility-based beds,Not Applicable,SM,NA,Yes,Yes,Yes,No,0,0,32,0,0,32,0,0,,,,No,,,,,,,,,,,Single,Yes,32,0,32,0,,100%,,,,,,,,32,32,100%,100%
296693,100-007875,2017,ES,"New Directions for Veterans, Inc.",Crisis and Bridge Housing Individual (New Directions),11303 Wilshire Blvd. ,Building 116,Los Angeles,CA,1,90073,62118,701100,SPA 5,SD 3,NA ,SSD 26,AD 54,USCD 33,US Department of Affairs West LA Campus,N,Facility-based beds,Not Applicable,SM,NA,Yes,Yes,Yes,No,,,32,,,32,,0,,,,No,,,,,,,,,,,Single,Yes,32,,32,,,100%,,,,,,,,10,32,31%,31%
297021,100-007874,2017,ES,"New Directions for Veterans, Inc.",HCHV 257 Bridge,11303 Wilshire Blvd ,Bldg 257,Los Angeles,CA,1,90073,62118,701100,SPA 5,SD 3,NA ,SSD 26,AD 54,USCD 33,US Department of Affairs West LA Campus,C,Facility-based beds,Not Applicable,SM,NA,No,Yes,Yes,No,,,46,,,46,,0,,,,Yes,No,No,No,Yes,No,No,No,No,No,No,Scattered,No,46,,46,,,100%,,,,,,,,46,46,100%,100%
296695,066-008128,2017,ES,OPCC,Crisis and Bridge Housing Individual (OPCC),1447 16th St,,Santa Monica,CA,1,90404,63384,701702,SPA 5,SD 3,NA ,SSD 26,AD 50,USCD 33,Santa Monica,N,Facility-based beds,Not Applicable,SMF,NA,Yes,Yes,No,No,,,15,,,0,,0,,,,No,,,,,,,,,,,Single,Yes,15,,15,,,100%,,,,,,,,15,15,100%,100%
282995,066-008102,2017,ES,OPCC,Daybreak Emergency Shelter,1751 Cloverfield Blvd,,Santa Monica,CA,1,90404,63384,701801,SPA 5,SD 3,NA ,SSD 26,AD 50,USCD 33,Santa Monica,C,Facility-based beds,Not Applicable,SF,NA,No,No,No,No,0,0,30,0,0,0,0,0,,,,No,,,,,,,,,,,Single,No,30,0,0,0,,,,0,0,,,0,0,23,30,77%,77%
282964,066-008112,2017,ES,OPCC,Sojourn - Services for Battered Women and Their Children,,,,,1,,,,SPA 5,SD 3,NA ,SSD 26,AD 50,USCD 33,,C,Facility-based beds,Not Applicable,SMF+HC,DV,No,No,No,No,20,10,20,0,0,0,0,0,,,,No,,,,,,,,,,,Scattered,No,40,,,,,,,,,,,,,37,40,92%,77%
283272,044-008588,2017,ES,People Assisting the Homeless (PATH),Coordinated Assessment Motel Vouchers (PATH),3317 West Washington Blvd.,,Los Angeles,CA,1,90018,62118,192700,SPA 4,SD 2,CD13,SSD 24,AD 43,USCD 28,Hollywood,C,Voucher beds,Not Applicable,HC,NA,Yes,Yes,No,No,37,10,0,0,0,0,0,0,,,,No,,,,,,,,,,,Multiple,Yes,37,37,0,0,100%,,,0,0,,,0,0,37,37,100%,100%
283351,044-008590,2017,ES,People Assisting the Homeless (PATH),PATH Hollywood Crisis Housing Program (Reserved),340 N. Madison Ave.,,Los Angeles,CA,1,90004,62118,190901,SPA 4,SD 3,CD13,SSD 24,AD 43,USCD 28,Hollywood,C,Facility-based beds,Not Applicable,SMF,NA,Yes,Yes,No,No,0,0,30,0,0,0,0,0,,,,No,,,,,,,,,,,Single,Yes,30,0,30,0,,100%,,0,0,,,0,0,19,30,63%,63%
283352,044-008589,2017,ES,People Assisting the Homeless (PATH),PATH Los Angeles Crisis Housing Program,340 N. Madison Ave.,,Los Angeles,CA,1,90004,62118,192700,SPA 4,SD 2,CD13,SSD 24,AD 43,USCD 28,Hollywood,C,Facility-based beds,Not Applicable,SMF,NA,Yes,Yes,Yes,No,0,0,58,0,0,15,0,0,,,,No,,,,,,,,,,,Single,Yes,58,0,58,0,,100%,,0,0,,,0,0,48,58,83%,83%
296697,044-008597,2017,ES,People Assisting the Homeless (PATH),WLA Harm Reduction,340 N Madison Ave ,,Los Angeles,CA,1,90004,62118,192700,SPA 4,SD 2,CD13,SSD 24,AD 43,USCD 28,Hollywood,C,Facility-based beds,Not Applicable,SMF,NA,No,Yes,Yes,No,,,28,,,28,,0,,,,No,,,,,,,,,,,Single,No,28,,28,,,100%,,,,,,,,26,28,93%,93%
282865,071-009050,2017,ES,Proyecto Pastoral,Guadalupe Homeless Project,171 South Gless St.,Los Angeles,Los Angeles,CA,1,90033,62118,206032,SPA 4,SD 1,CD14,SSD 24,AD 53,USCD 34,Boyle Heights,C,Facility-based beds,Not Applicable,SM,NA,Yes,Yes,No,No,0,0,45,0,0,0,0,0,,,,No,,,,,,,,,,,Scattered,Yes,45,0,45,0,,100%,,0,0,,,0,0,40,45,89%,89%
283353,071-009052,2017,ES,Proyecto Pastoral,Women's Shelter Program,135 N. Mission Road,,Los Angeles,CA,1,90033,62118,206032,SPA 4,SD 1,CD14,SSD 24,AD 53,USCD 34,Boyle Heights,C,Facility-based beds,Not Applicable,SF,NA,Yes,Yes,No,No,0,0,15,0,0,0,0,0,,,,No,,,,,,,,,,,Single,Yes,15,0,15,0,,100%,,0,0,,,1,1,16,16,100%,100%
283159,060-009101,2017,ES,"Rainbow Services, LTD.",Rainbow House Emergency Shelter,,,,,1,,,,SPA 8,SD 4,CD15,SSD 35,AD 70,USCD 44,,C,Facility-based beds,Not Applicable,SMF+HC,DV,No,No,No,No,33,7,2,0,0,0,0,0,,,,No,,,,,,,,,,,Single,No,35,,,,,,,0,0,,,0,0,14,35,40%,67%
296698,528-020800,2017,ES,"Safe Place For Youth (Spy), A Project Of Community Partners",Bruin Shelter,1343 Ocean Park Blvd.,,Santa Monica,CA,1,90405,63384,702201,SPA 5,SD 3,NA ,SSD 26,AD 50,USCD 33,Santa Monica,N,Facility-based beds,Not Applicable,SMF,NA,No,No,No,No,,,9,,,0,,0,,,,No,,,,,,,,,,,Single,No,9,,0,,,,,,,,,,,4,9,44%,44%
283302,303-009500,2017,ES,San Fernando Valley Rescue Mission,Emergency Housing Program,8822 CANBY AVE,,NORTHRIDGE,CA,1,91325,62118,115202,SPA 2,SD 3,CD12,SSD 27,AD 45,USCD 30,Northridge,C,Facility-based beds,Not Applicable,HC,NA,No,No,No,No,90,38,0,0,0,0,0,0,,,,No,,,,,,,,,,,Single,No,90,0,0,0,,,,0,0,,,0,0,64,90,71%,63%
283200,309-010400,2017,ES,Society of St. Vincent de Paul Social Services,Men's Emergency Shelter - 28 Day,231 Winston Street,,Los Angeles,CA,1,90013,62118,206200,SPA 4,SD 1,CD14,SSD 30,AD 53,USCD 34,Skid Row,C,Facility-based beds,Not Applicable,SM,NA,No,Yes,No,No,0,0,65,0,0,0,0,0,,,,No,,,,,,,,,,,Single,No,65,0,65,0,,100%,,0,0,,,0,0,46,65,71%,71%
283088,072-010075,2017,ES,"Southern California Alcohol and Drug Program, Inc.",Angel Step Inn South - Downey,,,,,1,,,,SPA 7,SD 4,NA ,SSD 32,AD 58,USCD 40,,C,Facility-based beds,Not Applicable,SMF+HC,DV,No,No,Yes,No,24,7,6,0,24,6,0,0,,,,No,,,,,,,,,,,Single,No,30,,,,,,,0,0,,,0,0,11,30,37%,46%
296699,038-010168,2017,ES,"Special Service for Groups, Inc.",Crisis and Bridge Housing ND,8124 S. Western Ave,,Los Angeles,CA,1,90047,62118,238100,SPA 6,SD 2,CD8,SSD 30,AD 59,USCD 37,South Vermont,N,Facility-based beds,Not Applicable,SMF,NA,Yes,Yes,No,No,,,30,,,0,,0,,,,No,,,,,,,,,,,Single,Yes,30,,30,,,100%,,,,,,,,30,30,100%,100%
296700,038-010169,2017,ES,"Special Service for Groups, Inc.",Crisis and Bridge Housing TCL,5721 S. Western Ave,,Los Angeles,CA,1,90062,62118,232500,SPA 6,SD 2,CD8,SSD 30,AD 54,USCD 37,Vermont Square,N,Facility-based beds,Not Applicable,SMF,NA,Yes,Yes,No,No,,,16,,,0,,0,,,,No,,,,,,,,,,,Single,Yes,16,,16,,,100%,,,,,,,,16,16,100%,100%
283115,038-010162,2017,ES,"Special Service for Groups, Inc.",FSC Emergency Shelter (SSG),905 E. 8th St.,,Los Angeles,CA,1,90021,62118,226002,SPA 4,SD 2,CD14,SSD 30,AD 53,USCD 34,Downtown Los Angeles,C,Facility-based beds,Not Applicable,HC,NA,Yes,Yes,No,No,97,10,0,0,0,0,0,0,,,,No,,,,,,,,,,,Single,Yes,97,97,0,0,100%,,,0,0,,,0,0,97,97,100%,390%
296701,038-010178,2017,ES,"Special Service for Groups, Inc.",Winter Shelter Program - (SSG),2514 W. Vernon Ave,,Los Angeles,CA,1,90008,62118,234502,SPA 6,SD 2,CD8,SSD 30,AD 54,USCD 37,Baldwin Hills / Crenshaw,C,Facility-based beds,Not Applicable,SMF,NA,Yes,No,No,No,,,0,,,0,,0,,,,No,,,,,,,,,,,Single,Yes,0,,0,,,,,35,35,12/8/2016,3/31/2017,,,21,35,60%,60%
283346,039-009760,2017,ES,SRO Housing Corporation,DHS Crisis Housing,517 S. San Julian Street,,Los Angeles,CA,1,90013,62118,206300,SPA 4,SD 2,CD14,SSD 30,AD 53,USCD 34,Skid Row,C,Facility-based beds,Not Applicable,SMF,NA,Yes,No,Yes,No,0,0,168,0,0,1,0,0,,,,No,,,,,,,,,,,Single,Yes,168,0,0,0,,,,0,0,,,0,0,55,168,33%,33%
283354,039-009761,2017,ES,SRO Housing Corporation,DMH - Basic Living Support Services,517 S. San Julian Street,,Los Angeles,CA,1,90013,62118,206300,SPA 4,SD 2,CD14,SSD 30,AD 53,USCD 34,Skid Row,C,Facility-based beds,Not Applicable,SMF,NA,No,No,No,No,0,0,10,0,0,0,0,0,,,,No,,,,,,,,,,,Single,No,10,0,0,0,,,,0,0,,,0,0,10,10,100%,100%
283044,039-009744,2017,ES,SRO Housing Corporation,DPSS,517 S. San Julian Street,,Los Angeles,CA,1,90013,62118,206300,SPA 4,SD 2,CD14,SSD 30,AD 53,USCD 34,Skid Row,C,Voucher beds,Not Applicable,SM,NA,No,No,No,No,0,0,25,0,0,0,0,0,,,,No,,,,,,,,,,,Single,No,25,0,0,0,,,,0,0,,,0,0,25,25,100%,100%
283151,039-009751,2017,ES,SRO Housing Corporation,HOPWA Emergency Shelter,517 S. San Julian St.,,Los Angeles,CA,1,90013,62118,206300,SPA 4,SD 2,CD14,SSD 30,AD 53,USCD 34,Skid Row,C,Facility-based beds,Not Applicable,SMF,HIV,No,Yes,No,No,0,0,25,0,0,0,0,0,,,,Yes,No,No,No,No,No,No,No,No,Yes,No,Single,No,25,0,25,0,,100%,,0,0,,,0,0,18,25,72%,72%
283356,039-009763,2017,ES,SRO Housing Corporation,SAT - TB,517 S. San Julian Street,,Los Angeles,CA,1,90013,62118,206300,SPA 4,SD 2,CD14,SSD 30,AD 53,USCD 34,Skid Row,C,Voucher beds,Not Applicable,SMF,NA,No,Yes,No,No,0,0,5,0,0,0,0,0,,,,No,,,,,,,,,,,Single,No,5,0,5,0,,100%,,0,0,,,0,0,5,5,100%,100%
283147,039-009714,2017,ES,SRO Housing Corporation,Year Round Shelter Program (SRO),427 E. 5th St.,,Los Angeles,CA,1,90013,62118,206200,SPA 4,SD 1,CD14,SSD 30,AD 53,USCD 34,Skid Row,C,Facility-based beds,Not Applicable,SMF,NA,Yes,Yes,No,No,0,0,30,0,0,0,0,0,,,,No,,,,,,,,,,,Single,Yes,30,0,30,0,,100%,,0,0,,,0,0,11,30,37%,37%
296702,085-010227,2017,ES,St. Joseph Center,Coordinated Assessment Motel Vouchers (St. Joseph Center),204 Hampton Dr.,,Venice,CA,1,90291,62118,273300,SPA 5,SD 3,CD11,SSD 26,AD 62,USCD 33,Venice,N,Voucher beds,Not Applicable,HC,NA,Yes,Yes,No,No,21,7,,,0,,0,,,,,No,,,,,,,,,,,Multiple,Yes,21,21,,,100%,,,,,,,,,21,21,100%,100%
296703,085-010240,2017,ES,St. Joseph Center,Westminster TLC Venice Community Housing,650 Westminster Ave.,,Venice,CA,1,90291,62118,273200,SPA 5,SD 3,CD11,SSD 26,AD 62,USCD 33,Venice,C,Facility-based beds,Not Applicable,HC,NA,Yes,Yes,No,No,32,8,,,0,,0,,,,,No,,,,,,,,,,,Single,Yes,32,32,,,100%,,,,,,,,,18,32,56%,88%
282967,073-010500,2017,ES,Su Casa - Ending Domestic Violence,Crisis Shelter (Su Casa),,,,,1,,,,SPA 7,SD 4,NA ,SSD 32,AD 58,USCD 38,,C,Facility-based beds,Not Applicable,SFHC,DV,No,No,No,No,18,2,4,0,0,0,0,0,,,,No,,,,,,,,,,,Scattered,No,22,0,0,0,,,,0,0,,,0,0,17,22,77%,83%
283357,101-010656,2017,ES,Testimonial Community Love Center,TCLC Crisis Housing Program,5749 S. Western Ave.,,Los Angeles,CA,1,90062,62118,232500,SPA 6,SD 2,CD8,SSD 30,AD 54,USCD 37,Vermont Square,C,Facility-based beds,Not Applicable,SMF,NA,Yes,Yes,Yes,No,0,0,30,0,0,5,0,0,,,,No,,,,,,,,,,,Single,Yes,30,0,30,0,,100%,,0,0,,,0,0,28,30,93%,93%
283015,101-010655,2017,ES,Testimonial Community Love Center,Winter Shelter Program - (TCLC),5721 S. Western Ave.,,Los Angeles,CA,1,90062,62118,237300,SPA 6,SD 2,CD8,SSD 30,AD 59,USCD 37,Vermont Square,C,Facility-based beds,Not Applicable,SMF,NA,Yes,No,No,No,0,0,0,0,0,0,0,0,,,,No,,,,,,,,,,,Single,Yes,0,0,0,0,,,,80,80,12/1/2016,3/31/2017,0,0,72,80,90%,90%
283122,040-009402,2017,ES,The Salvation Army,Bell Shelter I - 54 Bed Emergency Shelter,5600 Rickenbacker Rd.,,Bell,CA,1,90201,69037,532304,SPA 7,SD 1,NA ,SSD 32,AD 58,USCD 40,Commerce,C,Facility-based beds,Not Applicable,SMF,NA,Yes,Yes,No,No,0,0,54,0,0,0,0,0,,,,No,,,,,,,,,,,Single,Yes,54,0,54,0,,100%,,,,,,,,38,54,70%,70%
283358,040-009450,2017,ES,The Salvation Army,Bell Shelter Reserved Crisis Housing,5600 Rickenbacker Rd.,,Bell,CA,1,90201,69037,532304,SPA 7,SD 1,NA ,SSD 32,AD 58,USCD 40,Commerce,C,Facility-based beds,Not Applicable,SMF+HC,NA,Yes,No,No,No,0,0,13,0,0,0,0,0,,,,No,,,,,,,,,,,Single,Yes,13,0,0,0,,,,0,0,,,0,0,13,13,100%,100%
296705,040-009456,2017,ES,The Salvation Army,Crisis and Bridge Housing Youth Way In,5939 Hollywood Blvd,,Los Angeles,CA,1,90028,62118,191000,SPA 4,SD 3,CD13,SSD 26,AD 50,USCD 28,Hollywood,N,Facility-based beds,Not Applicable,SM,NA,Yes,Yes,No,Yes,,,12,,,0,,12,,,,No,,,,,,,,,,,Single,Yes,12,,12,,,100%,,,,,,,,10,12,83%,83%
283155,040-009444,2017,ES,The Salvation Army,DMH Emergency Shelter,5600 Rickenbacker Road ,Bldg. 2A/B,Bell,CA,1,90201,69037,532304,SPA 7,SD 1,NA ,SSD 32,AD 58,USCD 40,Commerce,C,Facility-based beds,Not Applicable,SMF,NA,No,No,No,No,0,0,28,0,0,0,0,0,,,,No,,,,,,,,,,,Single,No,28,0,0,0,,,,0,0,,,0,0,28,28,100%,100%
283086,040-009453,2017,ES,The Salvation Army,FSP Pacific Clinics,5600 Rickenbacker Road, Bldg. 2A/B,Bell,CA,1,90201,69037,532304,SPA 7,SD 1,NA ,SSD 32,AD 58,USCD 40,Commerce,C,Facility-based beds,Not Applicable,SMF,NA,No,No,No,No,0,0,4,0,0,0,0,0,,,,No,,,,,,,,,,,Single,No,4,0,0,0,,,,,,,,,,4,4,100%,100%
283121,040-009401,2017,ES,The Salvation Army,HCHV/EH - Alpha Center,11301 Wilshire Blvd. ,,Los Angeles,CA,1,90073,69037,701100,SPA 5,SD 3,NA ,SSD 26,AD 54,USCD 33,US Department of Affairs West LA Campus,C,Facility-based beds,Not Applicable,SMF,NA,No,Yes,Yes,No,0,0,45,0,0,45,0,0,,,,Yes,No,No,No,Yes,No,No,No,No,No,No,Single,No,45,0,45,0,,100%,,0,0,,,0,0,26,45,58%,58%
283124,040-009431,2017,ES,The Salvation Army,The Salvation Army Bell Shelter,5600 Rickenbacker Rd.,,Bell,CA,1,90201,69037,532304,SPA 7,SD 1,NA ,SSD 32,AD 58,USCD 40,Commerce,C,Facility-based beds,Not Applicable,SMF,NA,No,Yes,No,No,0,0,42,0,0,0,0,0,,,,No,,,,,,,,,,,Single,No,42,0,42,0,,100%,,0,0,,,0,0,42,42,100%,95%
283152,040-009404,2017,ES,The Salvation Army,Winter Shelter Program - (Salvation Army),5600 Rickenbacker Rd., Bldg. 2A/B,Bell,CA,1,90201,69037,532304,SPA 7,SD 1,NA ,SSD 32,AD 58,USCD 40,Commerce,C,Facility-based beds,Not Applicable,SMF,NA,No,No,No,No,0,0,0,0,0,0,0,0,,,,No,,,,,,,,,,,Single,No,0,0,0,0,,,,79,79,12/1/2016,3/31/2017,0,0,95,79,120%,120%
283123,040-009427,2017,ES,The Salvation Army,Zahn Emergency Shelter,832 W. James M Wood Blvd.,,Los Angeles,CA,1,90015,62118,207710,SPA 4,SD 1,CD14,SSD 30,AD 53,USCD 34,Downtown Los Angeles,C,Facility-based beds,Not Applicable,HC,NA,No,Yes,No,No,63,18,3,0,0,0,0,0,,,,No,,,,,,,,,,,Single,No,66,63,3,0,100%,100%,,0,0,,,0,0,52,66,79%,86%
283161,373-015057,2017,ES,The Whole Child,Coordinated Assessment Motel Vouchers (TWC),10155 Colima Rd,,Whittier,CA,1,90603,64074,503301,SPA 7,SD 4,NA ,SSD 32,AD 57,USCD 38,Whittier,C,Voucher beds,Not Applicable,HC,NA,Yes,Yes,No,No,22,6,0,0,0,0,0,0,,,,No,,,,,,,,,,,Multiple,Yes,22,22,0,0,100%,,,0,0,,,0,0,22,22,100%,133%
283279,373-015053,2017,ES,The Whole Child,FSC Emergency Shelter (TWC),207 N. Breed St.,,Los Angeles,CA,1,90033,62118,204420,SPA 4,SD 1,CD14,SSD 24,AD 53,USCD 34,Boyle Heights,C,Facility-based beds,Not Applicable,HC,NA,Yes,Yes,No,No,53,12,0,0,0,0,0,0,,,,No,,,,,,,,,,,Single,Yes,53,53,0,0,100%,,,0,0,,,0,0,53,53,100%,100%
282953,314-010850,2017,ES,Union Rescue Mission,Men's Guest Services - Emergency Shelter,545 S. San Pedro St.,,Los Angeles,CA,1,90013,62118,206300,SPA 4,SD 2,CD14,SSD 30,AD 53,USCD 34,Skid Row,C,Facility-based beds,Not Applicable,SM,NA,No,No,No,No,0,0,280,0,0,0,0,0,,,,No,,,,,,,,,,,Single,No,280,0,0,0,,,,0,0,,,0,0,276,280,99%,99%
282937,314-010857,2017,ES,Union Rescue Mission,Women's and Children Emergency Beds - 1st STEP Family,545 S. San Pedro St.,,Los Angeles,CA,1,90013,62118,206300,SPA 4,SD 2,CD14,SSD 30,AD 53,USCD 34,Skid Row,C,Facility-based beds,Not Applicable,HC,NA,No,No,No,No,141,15,0,0,0,0,0,0,,,,No,,,,,,,,,,,Single,No,141,0,0,0,,,,0,0,,,0,0,142,141,101%,347%
296706,027-010968,2017,ES,"United States Veterans Initiative, Inc.",CES Crisis and Bridge Housing Individual,733 South Hindry Ave,,Inglewood,CA,1,90301,61740,601401,SPA 8,SD 2,NA ,SSD 35,AD 62,USCD 43,Inglewood,N,Facility-based beds,Not Applicable,SM,NA,Yes,Yes,Yes,No,,,23,,,15,,0,,,,No,,,,,,,,,,,Single,Yes,23,,23,,,100%,,,,,,,,23,23,100%,100%
283187,180-011001,2017,ES,Upward Bound house,Emergency Family Shelter,12841 W. Washington Blvd,,Los Angeles,CA,1,90066,69037,702803,SPA 5,SD 2,NA ,SSD 30,AD 54,USCD 37,Culver City,C,Facility-based beds,Not Applicable,HC,NA,No,Yes,No,No,18,6,0,0,0,0,0,0,,,,No,,,,,,,,,,,Single,No,18,18,0,0,100%,,,0,0,,,0,0,17,18,94%,83%
283308,180-011010,2017,ES,Upward Bound house,FSC Emergency Shelter (Upward Bound),12841 W. Washington Blvd,,Los Angeles,CA,1,90066,63384,702803,SPA 5,SD 2,NA ,SSD 30,AD 54,USCD 37,Culver City,C,Facility-based beds,Not Applicable,HC,NA,Yes,Yes,No,No,36,12,0,0,0,0,0,0,,,,No,,,,,,,,,,,Single,Yes,36,36,0,0,100%,,,0,0,,,0,0,25,36,69%,75%
296707,117-001469,2017,ES,Valley Oasis,Crisis and Bridge Housing Individual (Valley Oasis),,,,,1,,,,SPA 1,SD 5,NA ,SSD 21,AD 36,USCD 25,,N,Facility-based beds,Not Applicable,SMF,DV,Yes,No,No,No,,,56,,,0,,0,,,,No,,,,,,,,,,,Scattered,Yes,56,,0,,,,,,,,,,,12,56,21%,18%
283011,117-001454,2017,ES,Valley Oasis,Valley Oasis Shelter,,,,,1,,,,SPA 1,SD 5,NA ,SSD 21,AD 36,USCD 23,,C,Facility-based beds,Not Applicable,SMF+HC,DV,Yes,No,No,No,18,4,3,0,0,0,0,0,,,,No,,,,,,,,,,,Single,Yes,21,,,,,,,0,0,,,0,0,21,21,100%,143%
296708,083-011310,2017,ES,Volunteers of America of Los Angeles,Crisis and Bridge Housing Individual SPA 3,2040 N. Garey Ave,,Pomona,CA,1,91767,62850,402102,SPA 3,SD 1,NA ,SSD 20,AD 52,USCD 35,Pomona,N,Facility-based beds,Not Applicable,SMF,NA,Yes,Yes,No,No,,,12,,,0,,0,,,,No,,,,,,,,,,,Single,Yes,12,,12,,,100%,,,,,,,,13,12,108%,108%
283359,083-011304,2017,ES,Volunteers of America of Los Angeles,Exodus Reserve Beds,3804 S. Broadway Place,,Los Angeles,CA,1,90037,62118,231100,SPA 6,SD 2,CD9,SSD 30,AD 59,USCD 37,South Central,C,Facility-based beds,Not Applicable,SMF,NA,Yes,Yes,No,No,0,0,20,0,0,0,0,0,,,,No,,,,,,,,,,,Single,Yes,20,0,20,0,,100%,,0,0,,,0,0,2,20,10%,10%
282910,083-011285,2017,ES,Volunteers of America of Los Angeles,Family Emergency Housing Program,8224 S. Broadway,,Los Angeles,CA,1,90003,62118,239701,SPA 6,SD 2,CD9,SSD 30,AD 59,USCD 43,South Park,C,Facility-based beds,Not Applicable,HC,NA,Yes,Yes,No,No,24,8,0,0,0,0,0,0,,,,No,,,,,,,,,,,Single,Yes,24,24,0,0,100%,,,0,0,,,0,0,19,24,79%,75%
296709,083-011302,2017,ES,Volunteers of America of Los Angeles,P2H and C4L 24 Hour Crisis Housing,3804 Broadway Pl.,,Los Angeles,CA,1,90037,62118,231100,SPA 6,SD 2,CD9,SSD 30,AD 59,USCD 37,South Central,N,Facility-based beds,Not Applicable,SMF,NA,Yes,Yes,No,No,,,411,,,0,,0,,,,No,,,,,,,,,,,Scattered,Yes,411,,411,,,100%,,,,,,,,275,411,67%,67%
296710,083-011287,2017,ES,Volunteers of America of Los Angeles,San Julian Access Center,626 S. San Julian St.,,Los Angeles,CA,1,90014,62118,206300,SPA 4,SD 2,CD14,SSD 30,AD 53,USCD 34,Skid Row,N,Facility-based beds,Not Applicable,SMF,NA,Yes,Yes,No,No,,,32,,,0,,0,,,,No,,,,,,,,,,,Single,Yes,32,,32,,,100%,,,,,,,,3,32,9%,9%
283000,083-011280,2017,ES,Volunteers of America of Los Angeles,Winter Shelter Program - Pomona,600 S. Park Avenue,,Pomona,CA,1,91767,62850,408800,SPA 3,SD 1,NA ,SSD 20,AD 52,USCD 35,Pomona,C,Facility-based beds,Not Applicable,SMF,NA,Yes,No,No,No,0,0,0,0,0,0,0,0,,,,No,,,,,,,,,,,Single,Yes,0,0,0,0,,,,146,146,12/1/2016,3/31/2017,,,146,146,100%,100%
282903,083-011268,2017,ES,Volunteers of America of Los Angeles,Year Round Shelter Program (VOA),628 San Julian St,,Los Angeles,CA,1,90014,62118,206300,SPA 4,SD 2,CD14,SSD 30,AD 53,USCD 34,Skid Row,C,Facility-based beds,Not Applicable,SMF,NA,Yes,Yes,No,No,0,0,40,0,0,0,0,0,,,,No,,,,,,,,,,,Single,Yes,40,0,40,0,,100%,,0,0,,,0,0,32,40,80%,80%
296711,041-011359,2017,ES,Watts Labor Community Action Committee,DMH Emergency Housing,12206 S. Wilmington Ave.,,Compton,CA,1,90222,60804,540600,SPA 6,SD 2,NA ,SSD 35,AD 64,USCD 44,Willowbrook,C,Facility-based beds,Not Applicable,SMF,NA,No,No,No,No,,,16,,,0,,0,,,,No,,,,,,,,,,,Scattered,No,16,,0,,,,,,,,,,,14,16,88%,88%
296712,043-011433,2017,ES,Weingart Center Association,Crisis and Bridge Housing Individual (Weingart),566 S. San Pedro St.,,Los Angeles,CA,1,90013,62118,206300,SPA 4,SD 2,CD14,SSD 30,AD 53,USCD 34,Skid Row,C,Facility-based beds,Not Applicable,SF,NA,Yes,Yes,No,No,,,14,,,0,,0,,,,No,,,,,,,,,,,Single,Yes,14,,14,,,100%,,,,,,,,14,14,100%,100%
283278,043-011424,2017,ES,Weingart Center Association,Health Care for Homeless Veterans (HCHV),566 S. San Pedro St. ,,Los Angeles,CA,1,90013,62118,206300,SPA 4,SD 2,CD14,SSD 30,AD 53,USCD 34,Skid Row,C,Facility-based beds,Not Applicable,SMF,NA,No,Yes,Yes,No,0,0,20,0,0,20,0,0,,,,Yes,No,No,No,Yes,No,No,No,No,No,No,Single,No,20,0,20,0,,100%,,,,,,,,18,20,90%,90%
283239,043-011411,2017,ES,Weingart Center Association,Open Door Residential Renewal,566 S. San Pedro Street,,Los Angeles,CA,1,90013,62118,206300,SPA 4,SD 2,CD14,SSD 30,AD 53,USCD 34,Skid Row,C,Facility-based beds,Not Applicable,SMF,NA,No,Yes,No,No,0,0,96,0,0,0,0,0,,,,No,,,,,,,,,,,Single,No,96,0,96,0,,100%,,0,0,,,0,0,95,96,99%,99%
283360,043-011431,2017,ES,Weingart Center Association,Winter Shelter Program - (Weingart),566 S. San Pedro St.,,Los Angeles,CA,1,90013,62118,206300,SPA 4,SD 2,CD14,SSD 30,AD 53,USCD 34,Skid Row,C,Facility-based beds,Not Applicable,SMF,NA,Yes,No,No,No,0,0,0,0,0,0,0,0,,,,No,,,,,,,,,,,Single,Yes,0,0,0,0,,,,22,22,12/1/2016,3/31/2017,0,0,22,22,100%,100%
283244,398-016650,2017,ES,Women & Children's Crisis Shelter,Women & Children's Crisis Shelter,,,,,1,,,,SPA 7,SD 4,NA ,SSD 32,AD 57,USCD 38,,C,Facility-based beds,Not Applicable,HC,DV,No,No,Yes,Yes,28,7,0,0,4,0,8,0,,,,No,,,,,,,,,,,Single,No,28,0,0,0,,,,0,0,,,0,0,16,28,57%,86%
282891,322-011700,2017,ES,YWCA of San Gabriel Valley,Women in Need Growing Strong (WINGS),,,,,1,,,,SPA 3,SD 5,NA ,SSD 22,AD 48,USCD 32,,C,Facility-based beds,Not Applicable,SMF+HC,DV,No,No,No,No,29,7,2,0,0,0,0,0,,,,No,,,,,,,,,,,Single,No,31,0,0,0,,,,0,0,,,0,0,23,31,74%,67%
282899,066-008117,2017,SH,OPCC,Westside Safe Haven,1751 Cloverfield Avenue,,Santa Monica,CA,1,90404,63384,701801,SPA 5,SD 3,NA ,SSD 26,AD 50,USCD 33,Santa Monica,C,,Not Applicable,SMF,NA,Yes,Yes,No,No,,,25,,,0,,0,,,,No,,,,,,,,,,,Single,Yes,25,,25,,,100%,,,,,,,,18,25,72%,72%
296585,045-001027,2017,TH,1736 Family Crisis Center,CalOES - TH,,,,,1,,,,SPA 8,SD 4,NA ,SSD 26,AD 66,USCD 33,,C,,Not Applicable,SFHC,DV,No,No,No,No,23,9,0,0,0,0,0,0,,,,No,,,,,,,,,,,Scattered,No,23,,,0,,,,,,,,,,23,23,100%,100%
296589,045-001029,2017,TH,1736 Family Crisis Center,OVW - TH,,,,,1,,,,SPA 6,SD 2,CD10,SSD 24,AD 53,USCD 34,,C,,Not Applicable,SFHC,DV,No,No,No,No,21,6,0,0,0,0,0,0,,,,No,,,,,,,,,,,Scattered,No,21,,,0,,,,,,,,,,21,21,100%,100%
283052,045-001024,2017,TH,1736 Family Crisis Center,South Bay 1 Domestic Violence Transitional Shelter,,,,,1,,,,SPA 8,SD 4,CD15,SSD 35,AD 64,USCD 44,,C,,Not Applicable,HC,DV,Yes,No,No,No,12,3,0,0,0,0,0,0,,,,No,,,,,,,,,,,Multiple,Yes,12,,,,,,,,,,,,,6,12,50%,67%
283054,045-001012,2017,TH,1736 Family Crisis Center,Transitional Program-LA 1,,,,,1,,,,SPA 6,SD 2,CD10,SSD 24,AD 53,USCD 34,,C,,Not Applicable,SFHC,DV,Yes,No,No,No,16,4,4,0,0,0,0,0,,,,No,,,,,,,,,,,Multiple,Yes,20,0,,,,,,,,,,,,8,20,40%,38%
283158,045-001014,2017,TH,1736 Family Crisis Center,Transitional Program-LA 2,,,,,1,,,,SPA 6,SD 2,CD10,SSD 24,AD 53,USCD 34,,C,,Not Applicable,SFHC,DV,Yes,No,No,No,18,4,2,0,0,0,0,0,,,,No,,,,,,,,,,,Multiple,Yes,20,,0,,,,,,,,,,,18,20,90%,117%
296591,011-001119,2017,TH,A Community of Friends,Step Out Apartments (Step Out TAY Housing),2010 E. El Segundo Blvd.,,Compton,CA,1,90222,60804,541400,SPA 6,SD 2,NA ,SSD 35,AD 64,USCD 44,Willowbrook,C,,Not Applicable,SMF,NA,Yes,Yes,No,Yes,0,0,20,0,0,0,0,20,,,,No,,,,,,,,,,,Single,Yes,20,0,20,0,,100%,,,,,,,,9,20,45%,45%
283290,394-017801,2017,TH,A New Way of Life,Transitional Housing Program (A New Way of Life),,,,,1,,,,SPA 4,SD 1,CD1,SSD 24,AD 51,USCD 34,,C,,Not Applicable,SFHC,DV,Yes,No,No,No,7,3,25,0,0,0,0,0,,,,No,,,,,,,,,,,Scattered,Yes,32,,,0,,,,,,,,,,24,32,75%,14%
282885,183-001250,2017,TH,Alexandria House,Transitional Housing for Single Women & Women with Children,,,,,1,,,,SPA 4,SD 2,CD10,SSD 24,AD 53,USCD 34,,C,,Not Applicable,SFHC,DV,No,No,No,No,30,10,1,0,0,0,0,0,,,,No,,,,,,,,,,,Single,No,31,0,0,0,,,,,,,,,,34,31,110%,100%
297180,373-015060,2017,TH,Alliance for Housing and Healing,Alliance for Housing and Healing dba The Serra Project,1428 12th Ave ,,Los Angeles,CA,1,90019,62118,218110,SPA 4,SD 2,CD10,SSD 30,AD 54,USCD 37,West Adams-Expo Park,C,,Not Applicable,SMF,HIV,No,No,No,No,0,0,17,,0,0,0,0,,,,No,,,,,,,,,,,Scattered,No,17,0,0,,,,,,,,,,,17,17,100%,100%
283168,211-001700,2017,TH,"Asian Pacific Women's Center, Inc.",APWC Transitional Housing Program,,,,,1,,,,SPA 4,SD 1,CD14,SSD 30,AD 53,USCD 34,,C,,Not Applicable,SFHC,DV,Yes,No,No,No,24,6,0,0,0,0,0,0,,,,No,,,,,,,,,,,Single,Yes,24,0,0,0,,,,,,,,,,27,24,112%,100%
296952,216-002000,2017,TH,Bible Tabernacle,Bible Tabernacle - Transitional Housing,1761 Washington Way,,Venice,CA,1,90291,62118,273902,SPA 5,SD 3,CD11,SSD 26,AD 62,USCD 33,Venice,C,,Not Applicable,SMF+HC,NA,No,No,No,No,52,26,20,,0,0,0,0,,,,No,,,,,,,,,,,Single,No,72,0,0,,,,,,,,,,,71,72,99%,74%
282887,219-002100,2017,TH,"BRIDGES, Inc.",Casitas Esperanza,11927 Eliott Avenue,,El Monte,CA,1,91732,61152,433901,SPA 3,SD 1,NA ,SSD 22,AD 48,USCD 32,El Monte,C,,Not Applicable,SF,NA,Yes,Yes,No,No,0,0,12,0,0,0,0,0,,,,No,,,,,,,,,,,Multiple,Yes,12,0,12,0,,100%,,,,,,,,11,12,92%,92%
282933,219-002102,2017,TH,"BRIDGES, Inc.",Casitas Tranquilas,11927 Elliott Ave ,,El Monte,CA,1,91732,61152,433901,SPA 3,SD 1,NA ,SSD 22,AD 48,USCD 32,El Monte,C,,Not Applicable,SMF,NA,Yes,Yes,No,No,0,0,15,0,0,0,0,0,,,,No,,,,,,,,,,,Multiple,Yes,15,0,15,0,,100%,,,,,,,,12,15,80%,80%
296973,221-002204,2017,TH,Burbank Housing Corporation,Burbank Veteran Bungalows,1819 Grismer Avenue,,Burbank,CA,1,91504,60456,310601,SPA 2,SD 5,NA ,SSD 25,AD 43,USCD 28,Burbank,N,,Not Applicable,SMF,NA,No,No,Yes,No,0,0,11,0,0,11,0,0,,,,No,,,,,,,,,,,Single,No,11,0,0,0,,,,,,,,,,11,11,100%,100%
282948,221-002201,2017,TH,Burbank Housing Corporation,Home Front,1819 Grismer,,Burbank,CA,1,91504,60456,310601,SPA 2,SD 5,NA ,SSD 25,AD 43,USCD 28,Burbank,C,,Not Applicable,HC,NA,No,No,No,No,25,7,0,0,0,0,0,0,,,,Yes,No,No,No,No,No,No,No,No,No,No,Single,No,25,0,0,0,,,,,,,,,,25,25,100%,100%
282949,221-002202,2017,TH,Burbank Housing Corporation,Linden House,1819 Grismer,,Burbank,CA,1,91504,60456,310601,SPA 2,SD 5,NA ,SSD 25,AD 43,USCD 28,Burbank,C,,Not Applicable,SMF,NA,No,No,No,Yes,0,0,5,0,0,0,0,5,,,,Yes,No,No,No,No,No,No,No,No,No,No,Single,No,5,0,0,0,,,,,,,,,,5,5,100%,60%
282947,221-002200,2017,TH,Burbank Housing Corporation,Puerta Nueva Transitional Facility,,,,,1,,,,SPA 2,SD 5,NA ,SSD 25,AD 43,USCD 28,,C,,Not Applicable,SFHC,DV,No,No,No,No,12,5,0,0,0,0,0,0,,,,No,,,,,,,,,,,Single,No,12,0,0,0,,,,,,,,,,12,12,100%,100%
282934,223-002300,2017,TH,California Council For Veteran Affairs,GPD - Women and Children First,2501 W. Florence Avenue,,Los Angeles,CA,1,90043,62118,235201,SPA 6,SD 2,CD8,SSD 30,AD 62,USCD 37,Baldwin Hills / Crenshaw,C,,Not Applicable,SFHC,NA,No,No,Yes,No,2,1,10,0,2,10,0,0,,,,Yes,No,No,Yes,No,No,No,No,No,No,No,Single,No,12,0,0,0,,,,,,,,,,7,12,58%,55%
283208,164-002357,2017,TH,"California Hispanic Commission on Alcohol & Drug Abuse, Inc. (CHCADA)",Pathways Homes,,,,,1,,,,SPA 3,SD 1,NA ,SSD 22,AD 48,USCD 32,,C,,Not Applicable,SFHC,DV,No,No,No,No,15,5,0,0,0,0,0,0,,,,No,,,,,,,,,,,Single,No,15,0,0,0,,,,,,,,,,12,15,80%,80%
282888,226-002500,2017,TH,Casa de Los Angelitos,Casa de Los Angelitos,,,,,1,,,,SPA 8,SD 2,NA ,SSD 35,AD 66,USCD 43,,C,,Not Applicable,SF,DV,No,No,No,No,0,0,6,0,0,0,0,0,,,,No,,,,,,,,,,,Single,No,6,,0,0,,,,,,,,,,6,6,100%,100%
282876,128-002751,2017,TH,"Center for the Pacific Asian Family, Inc.",CPAF Transitional Housing Program,,,,,1,,,,SPA 8,SD 2,NA ,SSD 35,AD 62,USCD 43,,C,,Not Applicable,SMF+HC,DV,Yes,No,No,No,19,6,2,0,0,0,0,0,,,,No,,,,,,,,,,,Single,Yes,21,0,0,0,,,,,,,,,,9,21,43%,50%
283171,230-003050,2017,TH,"Chosen Gospel Recovery, Inc.",Ruby's House I-4,417 West 55th St. ,,Los Angeles,CA,1,90037,62118,232700,SPA 6,SD 2,CD9,SSD 30,AD 59,USCD 37,Vermont Square,C,,Not Applicable,SFHC,NA,No,No,No,No,30,10,10,0,0,0,0,0,,,,No,,,,,,,,,,,Scattered,No,40,0,0,0,,,,,,,,,,30,40,75%,55%
283166,171-011950,2017,TH,City of Covina,McGill Transitional House,1104 W. McGill St.,,Covina,CA,1,91722,69037,405702,SPA 3,SD 5,NA ,SSD 22,AD 48,USCD 32,Covina,C,,Not Applicable,HC,NA,Yes,Yes,No,No,7,2,0,0,0,0,0,0,,,,No,,,,,,,,,,,Single,Yes,7,7,0,0,100%,,,,,,,,,6,7,86%,100%
283262,163-003204,2017,TH,City of Pomona,Pomona Transitional Living Center,2040 N Garey Ave,,Pomona,CA,1,91766,62850,402902,SPA 3,SD 1,NA ,SSD 20,AD 52,USCD 35,Pomona,C,,Not Applicable,SM,NA,Yes,Yes,No,No,0,0,5,0,0,0,0,0,,,,No,,,,,,,,,,,Single,Yes,5,0,5,0,,100%,,,,,,,,3,5,60%,60%
282956,238-003601,2017,TH,Community's Child Inc.,Building Hope,25520 Woodward Ave,,Lomita,CA,1,90717,69037,670003,SPA 8,SD 4,NA ,SSD 26,AD 66,USCD 43,Lomita,C,,Not Applicable,HC,NA,No,No,No,No,14,4,0,0,0,0,0,0,,,,No,,,,,,,,,,,Single,No,14,0,0,0,,,,,,,,,,14,14,100%,100%
283099,018-003809,2017,TH,Covenant House of California,COV HSE CA Supportive Apartment Program,1730 Gramercy Pl.,,Los Angeles,CA,1,90028,62118,190301,SPA 4,SD 3,CD13,SSD 26,AD 43,USCD 28,Hollywood,C,,Not Applicable,SMF,NA,Yes,Yes,No,Yes,0,0,10,0,0,0,0,10,,,,No,,,,,,,,,,,Single,Yes,10,0,10,0,,100%,,,,,,,,9,10,90%,90%
283132,018-003805,2017,TH,Covenant House of California,Rights of Passage,1325 N. Western Ave.,,Los Angeles,CA,1,90027,62118,190901,SPA 4,SD 3,CD13,SSD 24,AD 43,USCD 28,Hollywood,C,,Not Applicable,SMF,NA,Yes,Yes,No,Yes,0,0,24,0,0,0,0,24,,,,No,,,,,,,,,,,Single,Yes,24,0,24,0,,100%,,,,,,,,24,24,100%,100%
282880,162-004058,2017,TH,"David & Margaret Home, Inc.",THP Foster Care,1350 Third Street,,La Verne,CA,1,91750,69037,401500,SPA 3,SD 5,NA ,SSD 25,AD 41,USCD 32,San Dimas,C,,Not Applicable,SMF,NA,No,No,No,Yes,0,0,34,0,0,0,0,34,,,,No,,,,,,,,,,,Scattered,No,34,0,0,0,,,,,,,,,,26,34,76%,76%
283317,448-019150,2017,TH,Divinity Prophet,A Home for Us,14015 S. Van Ness Avenue ,,Gardena,CA,1,90249,61428,602600,SPA 8,SD 2,NA ,SSD 35,AD 62,USCD 43,Gardena,C,,Not Applicable,SMF,NA,Yes,Yes,No,Yes,0,0,6,0,0,0,0,6,,,,No,,,,,,,,,,,Scattered,Yes,6,0,6,0,,100%,,,,,,,,5,6,83%,83%
296975,413-017252,2017,TH,Dream Center,DCD,2301 Bellevue Ave.,,Los Angeles,CA,1,90026,62118,195710,SPA 4,SD 1,CD13,SSD 24,AD 51,USCD 28,Echo Park,C,,Not Applicable,SMF,NA,No,No,No,No,0,0,263,0,0,0,0,0,,,,No,,,,,,,,,,,Single,No,263,0,0,0,,,,,,,,,,141,263,54%,54%
283246,413-017250,2017,TH,Dream Center,Transitional Family Housing Program,2301 Bellevue Ave,,Los Angeles,CA,1,90026,62118,195710,SPA 4,SD 1,CD13,SSD 24,AD 51,USCD 28,Echo Park,C,,Not Applicable,HC,NA,No,No,No,No,80,24,0,0,0,0,0,0,,,,No,,,,,,,,,,,Single,No,80,0,0,0,,,,,,,,,,80,80,100%,100%
296977,413-017251,2017,TH,Dream Center,Veterans,2301 Bellevue Ave.,,Los Angeles,CA,1,90026,62118,195710,SPA 4,SD 1,CD13,SSD 24,AD 51,USCD 28,Echo Park,C,,Not Applicable,SM,NA,No,No,Yes,No,,,22,,,22,,0,,,,No,,,,,,,,,,,Single,No,22,,0,,,,,,,,,,,22,22,100%,100%
296978,079-004250,2017,TH,East San Gabriel Valley Coalition for the Homeless,Job's Shelter (Transitional Housing Program),1171 DURFEE Ave,,South El Monte,CA,1,91733,69037,433802,SPA 3,SD 1,NA ,SSD 22,AD 57,USCD 38,Whittier Narrows,N,,Not Applicable,HC,NA,No,No,No,No,4,1,0,0,0,0,0,0,,,,No,,,,,,,,,,,Single,No,4,0,0,0,,,,,,,,,,4,4,100%,100%
283245,407-017050,2017,TH,Family Promise of Santa Clarita Valley,Interfaith Hospitality Network,18565 Soledad Canyon Road, #133,Canyon Country,CA,1,91351,63356,920035,SPA 2,SD 5,NA ,SSD 21,AD 38,USCD 25,Santa Clarita,C,,Not Applicable,HC,NA,No,No,No,No,14,4,0,,0,0,0,0,,,,No,,,,,,,,,,,Single,No,14,0,0,0,,,,,,,,,,14,14,100%,100%
296980,407-017053,2017,TH,Family Promise of the South Bay,Family Promise of the South Bay,2930 El Dorado St.,,Torrance,CA,1,90503,63744,650401,SPA 8,SD 4,NA ,SSD 35,AD 66,USCD 43,Torrance,C,,Not Applicable,HC,NA,No,No,No,No,14,3,0,0,0,0,0,0,,,,No,,,,,,,,,,,Single,No,14,0,0,0,,,,,,,,,,12,14,86%,100%
283373,389-016154,2017,TH,First Place for Youth,Transitional Housing Program HUD SPA 8,8809 Crenshaw Blvd,#6,Inglewood,CA,1,90305,61740,600704,SPA 8,SD 2,NA ,SSD 35,AD 62,USCD 43,Inglewood,C,,Not Applicable,SMF+HC,NA,Yes,Yes,No,Yes,4,2,4,0,0,0,4,4,,,,No,,,,,,,,,,,Scattered,Yes,8,2,4,0,50%,100%,,,,,,,,6,8,75%,33%
282925,152-004600,2017,TH,"First To Serve, Inc.",Flimsy Reed,4052 Budlong Ave.,,Los Angeles,CA,1,90037,62118,231600,SPA 6,SD 2,CD9,SSD 30,AD 59,USCD 37,Vermont Square,C,,Not Applicable,SM,NA,No,No,No,No,0,0,22,0,0,0,0,0,,,,No,,,,,,,,,,,Single,No,22,0,0,0,,,,,,,,,,22,22,100%,100%
283163,152-004605,2017,TH,"First To Serve, Inc.",House of Dignity 1,,,,,1,,,,SPA 6,SD 2,CD9,SSD 30,AD 59,USCD 37,,C,,Not Applicable,SF,DV,Yes,No,No,No,0,0,15,0,0,0,0,0,,,,No,,,,,,,,,,,Single,Yes,15,,0,,,,,,,,,,,5,15,33%,33%
283164,152-004606,2017,TH,"First To Serve, Inc.",House of Dignity 2,,,,,1,,,,SPA 6,SD 2,CD9,SSD 30,AD 59,USCD 37,,C,,Not Applicable,SFHC,DV,No,No,No,No,9,3,0,0,0,0,0,0,,,,No,,,,,,,,,,,Single,No,9,0,0,0,,,,,,,,,,9,9,100%,100%
308704,257-005055,2017,TH,Good Shepherd Shelter of Los Angeles,Farley Transitional Housing,1671 Beverly Blvd,,Los Angeles,CA,1,90026,62118,208302,SPA 4,SD 1,CD13,SSD 24,AD 51,USCD 34,Westlake,C,,Not Applicable,SFHC,NA,Yes,Yes,No,No,63,21,0,0,0,0,0,0,,,,No,,,,,,,,,,,Single,Yes,63,63,0,0,100%,,,,,,,,,46,63,73%,95%
283024,257-005052,2017,TH,Good Shepherd Shelter of Los Angeles,Hawkes Transitional Shelter,1671 Beverly Blvd,,Los Angeles,CA,1,90026,62118,208302,SPA 4,SD 1,CD13,SSD 24,AD 51,USCD 34,Westlake,C,,Not Applicable,SF,NA,Yes,Yes,No,No,0,0,30,0,0,0,0,0,,,,No,,,,,,,,,,,Single,Yes,30,0,30,0,,100%,,,,,,,,29,30,97%,97%
282928,158-005150,2017,TH,Gramercy Housing Group,Gramercy Court,1824 4th. Ave.,,Los Angeles,CA,1,90019,62118,218120,SPA 4,SD 2,CD10,SSD 30,AD 54,USCD 37,West Adams-Expo Park,C,,Not Applicable,SFHC,NA,Yes,Yes,No,Yes,30,15,0,0,0,0,30,0,,,,No,,,,,,,,,,,Single,Yes,30,30,0,0,100%,,,,,,,,,14,30,47%,47%
296981,056-005250,2017,TH,Harbor Interfaith Services,"""You Can Have It A.L.L."" (Accelerated Learning and Living)",670 W. 9th Street,,San Pedro,CA,1,90731,62118,296600,SPA 8,SD 4,CD15,SSD 35,AD 70,USCD 44,San Pedro,C,,Not Applicable,HC,NA,No,No,No,No,66,24,,,0,,0,,,,,No,,,,,,,,,,,Scattered,No,66,0,,,,,,,,,,,,65,66,98%,100%
296982,170-013306,2017,TH,Hathaway-Sycamores Child And Family Services,Hathaway Sycamores CoC 509 Only,12935 Kornblum Ave.,,Hawthorne,CA,1,90250,61596,602508,SPA 8,SD 2,NA ,SSD 35,AD 62,USCD 43,Hawthorne,C,,Not Applicable,SMF+HC,NA,Yes,Yes,No,Yes,2,1,5,0,0,0,2,5,,,,No,,,,,,,,,,,Scattered,Yes,7,2,5,0,100%,100%,,,,,,,,3,7,43%,33%
296983,170-013303,2017,TH,Hathaway-Sycamores Child And Family Services,Hathaway-Sycamore ILP SPA 6,1075 E 39th St,,Los Angeles,CA,1,90037,62118,231220,SPA 6,SD 2,CD9,SSD 30,AD 59,USCD 37,Adams,C,,Not Applicable,SMF,NA,Yes,Yes,No,Yes,0,0,6,0,0,0,0,6,,,,No,,,,,,,,,,,Scattered,Yes,6,0,6,0,,100%,,,,,,,,5,6,83%,83%
296986,170-013304,2017,TH,Hathaway-Sycamores Child And Family Services,Hathaway-Sycamore ILP SPA 8,712 W. Beach Ave,,Inglewood,CA,1,90302,61740,601302,SPA 8,SD 2,NA ,SSD 35,AD 62,USCD 43,Inglewood,C,,Not Applicable,SMF,NA,Yes,Yes,No,Yes,,,6,,,0,,6,,,,No,,,,,,,,,,,Scattered,Yes,6,,6,,,100%,,,,,,,,4,6,67%,67%
296988,170-013302,2017,TH,Hathaway-Sycamores Child And Family Services,Transitional Living Program (Hathaway Sycamores),2933 El Nido Dr,,Altadena,CA,1,91001,69037,460302,SPA 3,SD 5,NA ,SSD 25,AD 41,USCD 27,Altadena,C,,Not Applicable,SMF,NA,Yes,Yes,No,Yes,,,26,,,0,,26,,,,Yes,No,No,No,No,No,No,Yes,No,No,No,Scattered,Yes,26,,26,,,100%,,,,,,,,23,26,88%,88%
282957,260-005351,2017,TH,"Haven Hills, Inc.",Haven Two Housing and Employment Program,,,,,1,,,,SPA 2,SD 3,CD3,SSD 27,AD 45,USCD 30,,C,,Not Applicable,HC,DV,No,No,No,No,112,18,0,0,0,0,0,0,,,,No,,,,,,,,,,,Single,No,112,,,,,,,,,,,,,44,112,39%,78%
283133,020-005611,2017,TH,"Hillview Mental Health Center, Inc.",Hillview Independent Living Program,17243 Chatsworth Street,,Granada Hills,CA,1,91344,62118,104105,SPA 2,SD 3,CD7,SSD 18,AD 39,USCD 29,Pacoima,N,,Not Applicable,SMF,NA,Yes,Yes,No,Yes,0,0,12,0,0,0,0,12,,,,No,,,,,,,,,,,Single,Yes,12,0,12,0,,100%,,,,,,,,8,12,67%,67%
296990,021-005819,2017,TH,Homes for Life Foundation,Athena Homes ILP,26 S. Almansor,,Alhambra,CA,1,91801,60030,481002,SPA 3,SD 5,NA ,SSD 22,AD 49,USCD 27,Alhambra,C,,Not Applicable,SMF,NA,Yes,Yes,No,Yes,0,0,18,0,0,0,0,18,,,,No,,,,,,,,,,,Scattered,Yes,18,0,18,0,,100%,,,,,,,,14,18,78%,78%
283027,021-005806,2017,TH,Homes for Life Foundation,Cedar Street Homes,11401 Bloomfield Ave.,,Norwalk,CA,1,90650,62490,550000,SPA 7,SD 4,NA ,SSD 32,AD 57,USCD 38,Norwalk,C,,Not Applicable,SMF,NA,No,No,No,No,0,0,38,0,0,0,0,0,,,,No,,,,,,,,,,,Single,No,38,0,0,0,,,,,,,,,,38,38,100%,100%
282960,267-006000,2017,TH,House of Yahweh,Transitional Program,4046 Marine Ave,,Lawndale,CA,1,90260,69037,603802,SPA 8,SD 2,NA ,SSD 35,AD 62,USCD 43,Lawndale,C,,Not Applicable,SMF+HC,NA,No,No,No,No,2,1,8,0,0,0,0,0,,,,No,,,,,,,,,,,Single,No,10,0,0,0,,,,,,,,,,10,10,100%,100%
307339,392-016300,2017,TH,Integrated Recovery Network,Housing and Supportive Services (SSO),1200 WIlshire Blvd,,Los Angeles,CA,1,90017,62118,209102,SPA 4,SD 1,CD1,SSD 24,AD 53,USCD 34,Westlake,C,,Not Applicable,SMF,NA,No,No,No,No,0,0,29,0,0,0,0,0,,,,No,,,,,,,,,,,Single,No,29,0,0,0,,,,,,,,,,29,29,100%,100%
283176,062-006151,2017,TH,"Jenesse Center, Inc.","Center for Women and Children, Sites A and B",,,,,1,,,,SPA 6,SD 2,CD10,SSD 30,AD 54,USCD 37,,C,,Not Applicable,SMF+HC,DV,Yes,No,No,No,70,23,4,0,0,0,0,0,,,,No,,,,,,,,,,,Scattered,Yes,74,0,0,0,,,,,,,,,,22,74,30%,33%
282914,109-006206,2017,TH,Jewish Family Services of Los Angeles,Family Violence Project/Hope Cottage,,,,,1,,,,SPA 2,SD 3,CD4,SSD 18,AD 46,USCD 30,,C,,Not Applicable,SMF+HC,DV,Yes,No,No,No,52,13,1,0,0,0,0,0,,,,No,,,,,,,,,,,Single,Yes,53,0,,0,,,,,,,,,,20,53,38%,57%
282997,078-006300,2017,TH,"Jovenes, Inc.",Casa Olivares Transitional Housing Program,1208 Pleasant Ave.,,Los Angeles,CA,1,90033,62118,206032,SPA 4,SD 1,CD14,SSD 24,AD 53,USCD 34,Boyle Heights,C,,Not Applicable,SM,NA,Yes,Yes,No,Yes,0,0,8,0,0,0,0,8,,,,No,,,,,,,,,,,Single,Yes,8,0,8,0,,100%,,,,,,,,8,8,100%,100%
283211,078-006308,2017,TH,"Jovenes, Inc.",Jovenes Independent Living Program,330 S. Gless,,Los Angeles,CA,1,90033,62118,206032,SPA 4,SD 1,CD14,SSD 24,AD 53,USCD 34,Boyle Heights,C,,Not Applicable,SFHC,NA,Yes,Yes,No,Yes,2,1,1,0,0,0,2,1,,,,No,,,,,,,,,,,Single,Yes,3,2,1,0,100%,100%,,,,,,,,2,3,67%,50%
283030,024-006360,2017,TH,"JWCH Institute, Inc.",HOPWA - Transitional Housing,517 San Julian St,,Los Angeles,CA,1,90013,62118,206300,SPA 4,SD 2,CD14,SSD 30,AD 53,USCD 34,Skid Row,C,,Not Applicable,SM,HIV,No,Yes,No,No,0,0,15,0,0,0,0,0,,,,Yes,No,No,No,No,No,No,No,No,Yes,No,Single,No,15,0,15,0,,100%,,,,,,,,15,15,100%,100%
283139,026-006887,2017,TH,LA Family Housing Corporation,New Lease Program,7817 Lankershim Blvd.,,Los Angeles,CA,1,91605,62118,121802,SPA 2,SD 3,CD6,SSD 18,AD 39,USCD 29,North Hollywood,C,,Not Applicable,HC,NA,Yes,Yes,No,No,100,31,0,0,0,0,0,0,,,,No,,,,,,,,,,,Scattered,Yes,100,100,0,0,100%,,,,,,,,,64,100,64%,61%
296991,029-007010,2017,TH,LA House of Ruth,Transitional Shelter (545),,,,,1,,,,SPA 4,SD 1,CD14,SSD 24,AD 53,USCD 34,,N,,Not Applicable,HC,DV,No,No,No,No,14,5,,,0,,0,,,,,No,,,,,,,,,,,Single,No,14,0,,,,,,,,,,,,14,14,100%,100%
297017,028-006427,2017,TH,"Lamp, Inc.",SOLAR Interim Housing,526 S. San Pedro St.,,Los Angeles,CA,1,90013,62118,206300,SPA 4,SD 2,CD14,SSD 30,AD 53,USCD 34,Skid Row,N,,Not Applicable,SMF,NA,Yes,Yes,No,No,,,38,,,0,,0,,,,No,,,,,,,,,,,Scattered,Yes,38,,38,,,100%,,,,,,,,38,38,100%,100%
283234,028-006415,2017,TH,"Lamp, Inc.",Stabilization Supportive Housing,1920 W. 3rd St.,,Los Angeles,CA,1,90057,62118,208903,SPA 4,SD 1,CD1,SSD 24,AD 53,USCD 34,Westlake,N,,Not Applicable,SMF,NA,Yes,Yes,No,No,0,0,25,0,0,0,0,0,,,,No,,,,,,,,,,,Scattered,Yes,25,0,25,0,,100%,,,,,,,,18,25,72%,72%
282944,271-006450,2017,TH,Little House,Residential Services,9718 Harvard St. ,,Bellflower,CA,1,90706,60288,554002,SPA 7,SD 4,NA ,SSD 32,AD 58,USCD 40,Bellflower,C,,Not Applicable,SF,NA,No,No,No,No,0,0,28,0,0,0,0,0,,,,No,,,,,,,,,,,Single,No,28,,,,,,,,,,,,,21,28,75%,75%
282961,179-006901,2017,TH,Los Angeles Gay & Lesbian Community Services Center,Kruks/Tilsner Transitional Living Program,1625 N. Schrader Blvd.,,Los Angeles,CA,1,90028,62118,190700,SPA 4,SD 3,CD13,SSD 26,AD 50,USCD 28,Hollywood,C,,Not Applicable,SMF,NA,Yes,Yes,No,Yes,0,0,22,0,0,0,0,22,,,,No,,,,,,,,,,,Single,Yes,22,0,22,0,,100%,,,,,,,,19,22,86%,86%
283374,179-006905,2017,TH,Los Angeles Gay & Lesbian Community Services Center,RHY Transitional Housing Program,1625 N. Schrader Blvd.,,Los Angeles,CA,1,90028,62118,190700,SPA 4,SD 3,CD13,SSD 26,AD 50,USCD 28,Hollywood,C,,Not Applicable,SMF,NA,No,Yes,No,Yes,0,0,24,0,0,0,0,24,,,,Yes,No,No,No,No,No,No,Yes,No,No,No,Single,No,24,0,24,0,,100%,,,,,,,,10,24,42%,42%
283280,179-006904,2017,TH,Los Angeles Gay & Lesbian Community Services Center,TAY Independent Living Program,1611 N Schrader Blvd,,Los Angeles,CA,1,90028,62118,190201,SPA 4,SD 3,CD13,SSD 26,AD 50,USCD 28,Hollywood Hills West,C,,Not Applicable,SMF,NA,Yes,Yes,No,Yes,0,0,8,0,0,0,0,8,,,,No,,,,,,,,,,,Single,Yes,8,0,8,0,,100%,,,,,,,,8,8,100%,100%
283224,278-007100,2017,TH,Los Angeles Mission,Anne Douglas Center for Women,310 E. Winston Street,,Los Angeles,CA,1,90013,62118,206200,SPA 4,SD 1,CD14,SSD 30,AD 53,USCD 34,Skid Row,C,,Not Applicable,SF,NA,No,No,No,No,0,0,27,0,0,0,0,0,,,,No,,,,,,,,,,,Single,No,27,0,0,0,,,,,,,,,,21,27,78%,78%
297018,278-007101,2017,TH,Los Angeles Mission,Fresh Start,303 E. 5th St.,,Los Angeles,CA,1,90013,62118,207301,SPA 4,SD 1,CD14,SSD 30,AD 53,USCD 34,Skid Row,C,,Not Applicable,SM,NA,No,No,Yes,Yes,,,183,,,5,,15,,,,No,,,,,,,,,,,Single,No,183,,0,,,,,,,,,,,119,183,65%,65%
282918,121-007200,2017,TH,Los Angeles Youth Network (LAYN),Beachwood House,2471 Beachwood St.,,Los Angeles,CA,1,90068,62118,189400,SPA 4,SD 3,CD4,SSD 25,AD 43,USCD 28,Hollywood,C,,Not Applicable,YMF,NA,No,No,No,Yes,0,0,0,12,0,0,0,0,,,,No,,,,,,,,,,,Single,No,12,0,0,0,,,,,,,,,,10,12,83%,83%
283365,121-007207,2017,TH,Los Angeles Youth Network (LAYN),Transitional Living Program (LAYN),6118 Carlos Ave,,Los Angeles,CA,1,90028,62118,191000,SPA 4,SD 3,CD13,SSD 26,AD 50,USCD 28,Hollywood,C,,Not Applicable,SMF,NA,Yes,Yes,No,Yes,0,0,17,0,0,0,0,17,,,,Yes,No,No,No,No,No,No,Yes,No,No,No,Scattered,Yes,17,0,17,0,,100%,,,,,,,,15,17,88%,88%
283005,092-006503,2017,TH,LTSC Community Development Corporation,Kosumosu Transitional Housing,,,,,1,,,,SPA 4,SD 1,CD14,SSD 30,AD 53,USCD 34,,C,,Not Applicable,SFHC,DV,Yes,No,No,No,24,6,0,0,0,0,0,0,,,,No,,,,,,,,,,,Single,Yes,24,,,,,,,,,,,,,11,24,46%,67%
283202,280-007303,2017,TH,Mary Lind Foundation,"GPD - Mary Lind Foundation Transitional Housing Program - Royal Palms, Bimini and Rena B Recovery Center",4445 Burns Ave.,,Los Angeles,CA,1,90029,62118,208903,SPA 4,SD 1,CD1,SSD 24,AD 53,USCD 34,Westlake,C,,Not Applicable,SMF,NA,No,Yes,Yes,No,0,0,360,0,0,111,0,0,,,,Yes,No,No,Yes,No,No,No,No,No,No,No,Single,No,360,0,360,0,,100%,,,,,,,,142,360,39%,39%
282912,100-007856,2017,TH,"New Directions for Veterans, Inc.",GPD - Oasis for Veteran Women- Keaveney House,3471 South Barrington Avenue,,Los Angeles,CA,1,90066,69037,271500,SPA 5,SD 2,CD11,SSD 30,AD 54,USCD 37,Mar Vista,C,,Not Applicable,SF,NA,No,Yes,Yes,No,0,0,8,0,0,8,0,0,,,,Yes,No,No,Yes,No,No,No,No,No,No,No,Single,No,8,0,8,0,,100%,,,,,,,,3,8,38%,38%
283006,100-007859,2017,TH,"New Directions for Veterans, Inc.",GPD - Oasis for Veteran Women- Mitchell House,12536 Mitchell Ave,,Los Angeles,CA,1,90066,69037,272201,SPA 5,SD 2,CD11,SSD 30,AD 54,USCD 37,Mar Vista,C,,Not Applicable,SF,NA,No,Yes,Yes,No,0,0,6,0,0,6,0,0,,,,Yes,No,No,Yes,No,No,No,No,No,No,No,Single,No,6,0,6,0,,100%,,,,,,,,5,6,83%,83%
282905,100-007851,2017,TH,"New Directions for Veterans, Inc.",GPD - Veterans Opportunity Center West,11301 Wilshire Boulevard,VA Building 116,Los Angeles,CA,1,90073,69037,701100,SPA 5,SD 3,NA ,SSD 26,AD 54,USCD 33,US Department of Affairs West LA Campus,C,,Not Applicable,SM,NA,No,Yes,Yes,No,0,0,50,0,0,50,0,0,,,,Yes,No,No,Yes,No,No,No,No,No,No,No,Single,No,50,0,50,0,,100%,,,,,,,,46,50,92%,92%
282906,100-007854,2017,TH,"New Directions for Veterans, Inc.",GPD - Veterans Opportunity Center-East,11301 Wilshire Boulevard,VA Building 116,Los Angeles,CA,1,90073,69037,701100,SPA 5,SD 3,NA ,SSD 26,AD 54,USCD 33,US Department of Affairs West LA Campus,C,,Not Applicable,SM,NA,No,Yes,Yes,No,0,0,74,0,0,74,0,0,,,,Yes,No,No,Yes,No,No,No,No,No,No,No,Single,No,74,0,74,0,,100%,,,,,,,,65,74,88%,88%
282950,289-007901,2017,TH,New Economics For Women,La Posada,375 Columbia Avenue,,Los Angeles,CA,1,90017,62118,209104,SPA 4,SD 1,CD1,SSD 24,AD 53,USCD 34,Westlake,C,,Not Applicable,SFHC,NA,No,No,No,No,100,50,10,0,0,0,0,0,,,,No,,,,,,,,,,,Single,No,110,0,0,0,,,,,,,,,,98,110,89%,90%
283301,066-008124,2017,TH,OPCC,Samoshel,505 Olympic Blvd.,,Santa Monica,CA,1,90401,63384,701802,SPA 5,SD 3,NA ,SSD 26,AD 50,USCD 33,Santa Monica,C,,Not Applicable,SMF,NA,Yes,No,No,No,0,0,70,0,0,0,0,0,,,,No,,,,,,,,,,,Single,Yes,70,0,0,0,,,,,,,,,,56,70,80%,80%
282898,066-008115,2017,TH,OPCC,Turning Point-Interim Housing,1477 16th Street,,Santa Monica,CA,1,90404,63384,701702,SPA 5,SD 3,NA ,SSD 26,AD 50,USCD 33,Santa Monica,C,,Not Applicable,SMF,NA,No,No,Yes,No,0,0,55,0,0,55,0,0,,,,No,,,,,,,,,,,Single,No,55,0,0,0,,,,,,,,,,52,55,95%,95%
282983,124-008510,2017,TH,Penny Lane Centers,Armargosa Project,2105 East Avenue J-8,,Lancaster,CA,1,93535,61914,900704,SPA 1,SD 5,NA ,SSD 21,AD 36,USCD 25,Lancaster,C,,Not Applicable,SMF+HC,NA,Yes,Yes,No,Yes,4,2,6,0,0,0,4,6,,,,No,,,,,,,,,,,Single,Yes,10,4,6,0,100%,100%,,,,,,,,5,10,50%,63%
283013,124-008501,2017,TH,Penny Lane Centers,Columbus Project,15862 Gresham St.,,North Hills,CA,1,91343,61914,117404,SPA 2,SD 3,CD12,SSD 18,AD 46,USCD 29,North Hills,C,,Not Applicable,SMF+HC,NA,Yes,Yes,No,Yes,2,1,14,0,0,0,2,14,,,,No,,,,,,,,,,,Single,Yes,16,2,14,0,100%,100%,,,,,,,,14,16,88%,93%
283216,124-008511,2017,TH,Penny Lane Centers,Gresham Project,15258 Gresham St.,,North Hills,CA,1,91343,62118,117520,SPA 2,SD 3,CD6,SSD 18,AD 46,USCD 29,North Hills,C,,Not Applicable,SMF+HC,NA,Yes,Yes,No,Yes,5,2,2,0,0,0,5,2,,,,No,,,,,,,,,,,Single,Yes,7,5,2,0,100%,100%,,,,,,,,7,7,100%,100%
283012,124-008500,2017,TH,Penny Lane Centers,Independent Living Program - Antelope Valley Project,44248 - 44258 Cedar Ave.,,Lancaster,CA,1,95354,61914,900701,SPA 1,SD 5,NA ,SSD 21,AD 36,USCD 25,Lancaster,C,,Not Applicable,SMF+HC,NA,Yes,Yes,No,Yes,8,2,10,0,0,0,8,10,,,,No,,,,,,,,,,,Single,Yes,18,8,10,0,100%,100%,,,,,,,,11,18,61%,75%
282920,124-008508,2017,TH,Penny Lane Centers,Penny Lane Transitional Housing Program,15266 Acre St.,,North Hills,CA,1,91343,62118,117520,SPA 2,SD 3,CD6,SSD 18,AD 46,USCD 29,North Hills,C,,Not Applicable,SMF+HC,NA,Yes,Yes,No,Yes,6,3,4,0,0,0,6,4,,,,No,,,,,,,,,,,Single,Yes,10,6,4,0,100%,100%,,,,,,,,8,10,80%,71%
282875,124-008509,2017,TH,Penny Lane Centers,Rayen Transitional Housing,15260 Rayen St.,,North Hills,CA,1,91343,62118,117520,SPA 2,SD 3,CD6,SSD 18,AD 46,USCD 29,North Hills,C,,Not Applicable,SMF+HC,NA,No,Yes,No,Yes,13,5,9,0,0,0,13,9,,,,No,,,,,,,,,,,Single,No,22,13,9,0,100%,100%,,,,,,,,17,22,77%,64%
296696,044-008558,2017,TH,People Assisting the Homeless (PATH),GPD - PATH Ways Regional Homeless Center,340 N. Madison Ave.,,Los Angeles,CA,1,90004,62118,192700,SPA 4,SD 2,CD13,SSD 24,AD 43,USCD 28,Hollywood,C,,Not Applicable,SMF+HC,NA,No,No,Yes,No,7,3,10,,7,10,0,0,,,,Yes,No,No,Yes,No,No,No,No,No,No,No,Single,No,17,0,0,,,,,,,,,,,17,17,100%,100%
283008,105-008971,2017,TH,Project New Hope,Residential Care Facilities for the Chronically Ill,1004 Echo Park Ave,,Los Angeles,CA,1,90026,62118,197500,SPA 4,SD 1,CD1,SSD 24,AD 51,USCD 28,Echo Park,C,,Not Applicable,SMF,HIV,No,No,No,No,0,0,11,0,0,0,0,0,,,,No,,,,,,,,,,,Single,No,11,0,0,0,,,,,,,,,,11,11,100%,100%
283007,105-008970,2017,TH,Project New Hope,Transitional Residential Care Facility,1004 Echo Park Ave,,Los Angeles,CA,1,90026,62118,197500,SPA 4,SD 1,CD1,SSD 24,AD 51,USCD 28,Echo Park,C,,Not Applicable,SMF,HIV,No,No,No,No,0,0,20,0,0,0,0,0,,,,No,,,,,,,,,,,Single,No,20,0,0,0,,,,,,,,,,20,20,100%,100%
282986,102-009009,2017,TH,"Prototypes, Inc.",Women's Center,845 East Arrow Hwy,,Pomona,CA,1,91767,62850,402101,SPA 3,SD 1,NA ,SSD 20,AD 52,USCD 35,Pomona,C,,Not Applicable,SFHC,NA,No,No,No,No,103,42,87,0,0,0,0,0,,,,No,,,,,,,,,,,Single,No,190,0,0,,,,,,,,,,,190,190,100%,100%
283175,060-009102,2017,TH,"Rainbow Services, LTD.",Villa Paloma Transitional Shelter,,,,,1,,,,SPA 8,SD 4,CD15,SSD 35,AD 70,USCD 44,,C,,Not Applicable,SMF+HC,DV,No,No,No,No,43,10,1,0,0,0,0,0,,,,No,,,,,,,,,,,Single,No,44,,,,,,,,,,,,,27,44,61%,82%
282889,298-009150,2017,TH,Rancho San Antonio,Rancho San Antonio Transitional Housing Program,21000 Plummer Street,,Chatsworth,CA,1,91311,62118,113303,SPA 2,SD 5,CD12,SSD 27,AD 45,USCD 30,Chatsworth,C,,Not Applicable,SM,NA,No,No,No,No,0,0,16,0,0,0,0,0,,,,No,,,,,,,,,,,Single,No,16,0,0,0,,,,,,,,,,11,16,69%,69%
283174,300-009250,2017,TH,Richstone Family Center,Richstone - THP Plus and Transitional Living I,4431 W 137th Place,,Hawthorne,CA,1,90250,61596,602402,SPA 8,SD 2,NA ,SSD 35,AD 62,USCD 43,Hawthorne,C,,Not Applicable,SF,NA,No,No,No,Yes,0,0,7,0,0,0,0,7,,,,No,,,,,,,,,,,Single,No,7,0,0,0,,,,,,,,,,2,7,29%,29%
282883,104-009459,2017,TH,"San Fernando Valley Community Mental Health Center, Inc.",Sylvan Place Co-Op,14303 Sylvan Street,,Van Nuys,CA,1,91401,62118,128210,SPA 2,SD 3,CD6,SSD 18,AD 46,USCD 29,Van Nuys,C,,Not Applicable,SMF,NA,No,No,No,No,0,0,60,0,0,0,0,0,,,,No,,,,,,,,,,,Single,No,60,0,0,0,,,,,,,,,,55,60,92%,92%
282980,410-017201,2017,TH,Sanctuary of Hope,Hope Place,W Slauson Ave & Crenshaw Blvd,,Los Angeles,CA,1,90043,62118,234600,SPA 6,SD 2,CD8,SSD 30,AD 54,USCD 37,Baldwin Hills / Crenshaw,C,,Not Applicable,SMF,NA,Yes,Yes,No,No,0,0,8,0,0,0,0,0,,,,No,,,,,,,,,,,Single,Yes,8,0,8,0,,100%,,,,,,,,7,8,88%,88%
283033,034-009650,2017,TH,"Shields For Families, Inc.",Keith Village,1746 E Kay St ,,Compton,CA,1,90220,60804,542105,SPA 6,SD 2,NA ,SSD 35,AD 64,USCD 44,Compton,C,,Not Applicable,HC,NA,Yes,Yes,No,No,36,9,0,0,0,0,0,0,,,,No,,,,,,,,,,,Single,Yes,36,32,0,0,89%,,,,,,,,,36,36,100%,144%
283142,034-009652,2017,TH,"Shields For Families, Inc.",Saraii Village,,,,,1,,,,SPA 6,SD 2,CD8,SSD 30,AD 64,USCD 43,,C,,Not Applicable,SFHC,DV,Yes,No,No,No,40,10,20,0,0,0,0,0,,,,No,,,,,,,,,,,Single,Yes,60,,0,0,,,,,,,,,,24,60,40%,40%
283180,309-010401,2017,TH,Society of St. Vincent de Paul Social Services,Cardinal Manning Center-Men's Advancement Program,231 Winston St.,,Los Angeles,CA,1,90013,62118,206200,SPA 4,SD 1,CD14,SSD 30,AD 53,USCD 34,Skid Row,C,,Not Applicable,SM,NA,No,No,No,No,0,0,10,0,0,0,0,0,,,,No,,,,,,,,,,,Single,No,10,0,0,0,,,,,,,,,,3,10,30%,30%
283231,309-010403,2017,TH,Society of St. Vincent de Paul Social Services,Family Housing-Transitional Housing Program,1181 N. Virgil Avenue,,Los Angeles,CA,1,90029,62118,191301,SPA 4,SD 3,CD13,SSD 24,AD 43,USCD 28,Hollywood,C,,Not Applicable,HC,NA,No,No,No,No,10,3,0,0,0,0,0,0,,,,No,,,,,,,,,,,Single,No,10,0,0,0,,,,,,,,,,9,10,90%,100%
282966,072-010053,2017,TH,"Southern California Alcohol and Drug Program, Inc.",Angel Step II,16314 Cornuta Ave.,,Bellflower,CA,1,90706,60288,554105,SPA 7,SD 4,NA ,SSD 32,AD 58,USCD 38,Bellflower,C,,Not Applicable,SFHC,NA,No,Yes,No,No,30,5,10,0,0,0,0,0,,,,No,,,,,,,,,,,Single,No,40,30,10,0,100%,100%,,,,,,,,14,40,35%,47%
283080,039-009750,2017,TH,SRO Housing Corporation,GPD - Veterans Transitional Housing VTP 24,517 S. San Julian St.,,Los Angeles,CA,1,90013,62118,206300,SPA 4,SD 2,CD14,SSD 30,AD 53,USCD 34,Skid Row,C,,Not Applicable,SMF,NA,No,Yes,Yes,No,0,0,24,0,0,24,0,0,,,,Yes,No,No,Yes,No,No,No,No,No,No,No,Single,No,24,0,24,0,,100%,,,,,,,,22,24,92%,92%
283045,039-009747,2017,TH,SRO Housing Corporation,GPD - Veterans Transitional Housing VTP 36,517 S. San Julian St.,,Los Angeles,CA,1,90013,62118,206300,SPA 4,SD 2,CD14,SSD 30,AD 53,USCD 34,Skid Row,C,,Not Applicable,SMF,NA,No,Yes,Yes,No,0,0,36,0,0,36,0,0,,,,Yes,No,No,Yes,No,No,No,No,No,No,No,Single,No,36,0,36,0,,100%,,,,,,,,27,36,75%,75%
283081,039-009752,2017,TH,SRO Housing Corporation,HOPWA Transitional Housing Program,517 S. San Julian St.,,Los Angeles,CA,1,90013,62118,206300,SPA 4,SD 2,CD14,SSD 30,AD 53,USCD 34,Skid Row,C,,Not Applicable,SMF,HIV,No,No,No,No,0,0,1,0,0,0,0,0,,,,Yes,No,No,No,No,No,No,No,No,Yes,No,Single,No,1,0,0,0,,,,,,,,,,1,1,100%,100%
282927,157-010251,2017,TH,St. Anne's Maternity Home,St. Anne's Transitional Housing,151 North Occidental Boulevard,,Los Angeles,CA,1,90026,62118,208610,SPA 4,SD 1,CD13,SSD 24,AD 51,USCD 34,Rampart Village,C,,Not Applicable,HC,NA,Yes,Yes,No,Yes,80,40,0,0,0,0,80,,,,,No,,,,,,,,,,,Single,Yes,80,64,0,0,80%,,,,,,,,,76,80,95%,93%
282996,073-010502,2017,TH,Su Casa - Ending Domestic Violence,Transitional Housing (Su Casa),,,,,1,,,,SPA 7,SD 4,NA ,SSD 32,AD 58,USCD 38,,C,,Not Applicable,SFHC,DV,Yes,No,No,No,20,4,4,0,0,0,0,0,,,,No,,,,,,,,,,,Scattered,Yes,24,,,,,,,,,,,,,15,24,62%,63%
283249,137-010607,2017,TH,Tarzana Treatment Center,HIV Transitional Housing Program,18317 Armintha St.,,Reseda,CA,1,91335,62118,131400,SPA 2,SD 3,CD12,SSD 27,AD 45,USCD 30,Reseda,C,,Not Applicable,SMF,HIV,Yes,Yes,No,No,0,0,54,0,0,0,0,0,,,,No,,,,,,,,,,,Single,Yes,54,0,54,0,,100%,,,,,,,,43,54,80%,80%
308744,101-010652,2017,TH,Testimonial Community Love Center,Transitional Housing Program (TCLC),5721 S. Western Ave.,,Los Angeles,CA,1,90062,62118,232500,SPA 6,SD 2,CD8,SSD 30,AD 54,USCD 37,Vermont Square,C,,Not Applicable,HC,NA,No,No,No,No,41,11,,,0,,0,,,,,No,,,,,,,,,,,Single,No,41,0,,,,,,,,,,,,41,41,100%,100%
282879,155-007506,2017,TH,The Midnight Mission,Homelight Family Living,,,,,1,,,,SPA 4,SD 2,CD14,SSD 30,AD 53,USCD 34,,C,,Not Applicable,HC,DV,No,No,No,No,52,11,0,0,0,0,0,0,,,,No,,,,,,,,,,,Single,No,52,0,0,0,,,,,,,,,,30,52,58%,100%
283165,155-007502,2017,TH,The Midnight Mission,Transitional Housing,601 S. San Pedro Street,,Los Angeles,CA,1,90014,62118,206300,SPA 4,SD 2,CD14,SSD 30,AD 53,USCD 34,Skid Row,C,,Not Applicable,SM,NA,No,No,Yes,Yes,0,0,277,0,0,7,0,15,,,,No,,,,,,,,,,,Single,No,277,0,0,0,,,,,,,,,,219,277,79%,79%
283125,040-009438,2017,TH,The Salvation Army,Bell Shelter - Vets Transitional Housing,5600 Rickenbacker Rd.,,Bell,CA,1,90201,69037,532304,SPA 7,SD 1,NA ,SSD 32,AD 58,USCD 40,Commerce,C,,Not Applicable,SMF,NA,Yes,Yes,No,No,0,0,42,0,0,0,0,0,,,,No,,,,,,,,,,,Single,Yes,42,0,42,0,,100%,,,,,,,,37,42,88%,88%
283153,040-009406,2017,TH,The Salvation Army,GPD - Exodus Lodge Transitional Housing,11301 Wilshire Blvd.,,Los Angeles,CA,1,90073,62118,701100,SPA 5,SD 3,NA ,SSD 26,AD 54,USCD 33,US Department of Affairs West LA Campus,C,,Not Applicable,SMF,NA,No,Yes,Yes,No,0,0,40,0,0,40,0,0,,,,Yes,No,No,Yes,No,No,No,No,No,No,No,Single,No,40,0,40,0,,100%,,,,,,,,16,40,40%,40%
283083,040-009457,2017,TH,The Salvation Army,GPD - Hope Harbor,3107 S. Grand Ave.,,Los Angeles,CA,1,90007,62118,224600,SPA 6,SD 1,CD9,SSD 30,AD 59,USCD 37,South Central,N,,Not Applicable,SM,NA,No,Yes,Yes,No,0,0,49,0,0,49,0,0,,,,Yes,No,No,Yes,No,No,No,No,No,No,No,Single,No,49,0,49,0,,100%,,,,,,,,20,49,41%,41%
283046,040-009413,2017,TH,The Salvation Army,GPD - Naomi House,11301 Wilshire Blvd.,,Los Angeles,CA,1,90073,69037,701100,SPA 5,SD 3,NA ,SSD 26,AD 54,USCD 33,US Department of Affairs West LA Campus,C,,Not Applicable,SF,NA,No,Yes,Yes,No,0,0,20,0,0,20,0,0,,,,Yes,No,No,Yes,No,No,No,No,No,No,No,Single,No,20,0,20,0,,100%,,,,,,,,12,20,60%,60%
283154,040-009424,2017,TH,The Salvation Army,GPD - The Salvation Army SC Division LA The Haven,11301 Wilshire Blvd.,,Los Angeles,CA,1,90073,69037,701100,SPA 5,SD 3,NA ,SSD 26,AD 54,USCD 33,US Department of Affairs West LA Campus,C,,Not Applicable,SM,NA,No,Yes,Yes,No,0,0,96,0,0,96,0,0,,,,Yes,No,No,Yes,No,No,No,No,No,No,No,Single,No,96,0,96,0,,100%,,,,,,,,39,96,41%,41%
283238,040-009446,2017,TH,The Salvation Army,Hope Harbor GR,3107 S. Grand Ave.,,Los Angeles,CA,1,90007,62118,224600,SPA 6,SD 1,CD9,SSD 30,AD 59,USCD 37,South Central,C,,Not Applicable,SM,NA,No,Yes,Yes,No,0,0,56,0,0,42,0,0,,,,No,,,,,,,,,,,Single,No,56,0,56,0,,100%,,,,,,,,47,56,84%,84%
297175,040-009437,2017,TH,The Salvation Army,Step Up for Veteran,5600 Rickenbacker Rd.,,Bell,CA,1,90201,69037,532304,SPA 7,SD 1,NA ,SSD 32,AD 58,USCD 40,Commerce,N,,Not Applicable,SMF,NA,No,Yes,Yes,No,,,30,,,30,,0,,,,No,,,,,,,,,,,Single,No,30,,30,,,100%,,,,,,,,5,30,17%,17%
283120,040-009400,2017,TH,The Salvation Army,The Salvation Army SC Division LA Alegria (aka Bethesda House at Alegria),2737 W. Sunset Blvd.,,Los Angeles,CA,1,90026,62118,195600,SPA 4,SD 1,CD13,SSD 24,AD 51,USCD 28,Echo Park,C,,Not Applicable,HC,HIV,No,No,No,No,42,15,0,0,0,0,0,0,,,,No,,,,,,,,,,,Single,No,42,0,0,0,,,,,,,,,,42,42,100%,100%
283082,040-009405,2017,TH,The Salvation Army,The Salvation Army SC Division LA Bell Shelter II,5600 Rickenbacker Rd.,,Bell,CA,1,90201,69037,532304,SPA 7,SD 1,NA ,SSD 32,AD 58,USCD 40,Commerce,C,,Not Applicable,SMF,NA,No,Yes,No,No,0,0,28,0,0,0,0,0,,,,No,,,,,,,,,,,Single,No,28,0,28,0,,100%,,,,,,,,28,28,100%,100%
283047,040-009452,2017,TH,The Salvation Army,The Salvation Army SC Division LA Santa Fe Springs TLC,,,,,1,,,,SPA 7,SD 4,NA ,SSD 32,AD 57,USCD 38,,C,,Not Applicable,HC,DV,Yes,No,No,No,116,28,0,0,0,0,0,0,,,,No,,,,,,,,,,,Single,Yes,116,,,,,,,,,,,,,60,116,52%,75%
283084,040-009422,2017,TH,The Salvation Army,The Way In Youth Shelter,5939 Hollywood Blvd,,Los Angeles,CA,1,90028,62118,191000,SPA 4,SD 3,CD13,SSD 26,AD 50,USCD 28,Hollywood,C,,Not Applicable,SM,NA,Yes,No,No,Yes,0,0,31,0,0,0,0,31,,,,No,,,,,,,,,,,Single,Yes,31,0,0,0,,,,,,,,,,31,31,100%,100%
283048,040-009454,2017,TH,The Salvation Army,Wellness Center Transitional Housing (non-HMIS),5600 Rickenbacker Road, Bldg. 2A/B,Bell,CA,1,90201,69037,532304,SPA 7,SD 1,NA ,SSD 32,AD 58,USCD 40,Commerce,C,,Not Applicable,SMF,NA,No,Yes,No,No,0,0,31,0,0,0,0,0,,,,No,,,,,,,,,,,Single,No,31,0,27,0,,87%,,,,,,,,31,31,100%,100%
283085,040-009425,2017,TH,The Salvation Army,Westwood Transitional Village,,,,,1,,,,SPA 5,SD 3,CD5,SSD 26,AD 54,USCD 37,,C,,Not Applicable,HC,DV,Yes,No,Yes,No,160,40,0,0,35,0,0,0,,,,No,,,,,,,,,,,Single,Yes,160,,0,0,,,,,,,,,,122,160,76%,98%
283089,506-019700,2017,TH,The Teen Project Inc,Freehab,8140 Sunland Blvd,,Sun Valley,CA,1,91352,62118,122122,SPA 2,SD 3,CD6,SSD 18,AD 39,USCD 29,Sun Valley,C,,Not Applicable,SF,NA,No,Yes,No,Yes,0,0,40,0,0,0,0,40,,,,No,,,,,,,,,,,Single,No,40,0,40,0,,100%,,,,,,,,28,40,70%,70%
283372,506-019701,2017,TH,The Teen Project Inc,TAY Transitional Housing,8140 Sunland Blvd.,,Sun Valley,CA,1,91352,62118,122122,SPA 2,SD 3,CD6,SSD 18,AD 39,USCD 29,Sun Valley,C,,Not Applicable,SF,NA,No,No,No,Yes,0,0,28,0,0,0,0,28,,,,No,,,,,,,,,,,Single,No,28,0,0,0,,,,,,,,,,28,28,100%,100%
297179,511-019952,2017,TH,The Village Family Services,CityGF Transitional Housing Program,6736 Laurel Canyon Blvd,Suite 200,North Hollywood,CA,1,91606,62118,123204,SPA 2,SD 3,CD2,SSD 18,AD 39,USCD 29,North Hollywood,N,,Not Applicable,SMF,NA,No,Yes,No,Yes,,,12,,,0,,12,,,,No,,,,,,,,,,,Scattered,No,12,,12,,,100%,,,,,,,,12,12,100%,100%
283368,511-019951,2017,TH,The Village Family Services,TAY Transitional Housing Program,6736 Laurel Canyon Blvd.,Suite 200,Los Angeles,CA,1,91606,62118,121900,SPA 2,SD 3,CD6,SSD 18,AD 39,USCD 29,Sun Valley,C,,Not Applicable,SM,NA,No,Yes,No,Yes,0,0,6,0,0,0,0,6,,,,No,,,,,,,,,,,Single,No,6,0,6,0,,100%,,,,,,,,5,6,83%,83%
282890,314-010865,2017,TH,Union Rescue Mission,Apprentice,545 S. San Pedro St.,,Los Angeles,CA,1,90013,62118,206300,SPA 4,SD 2,CD14,SSD 30,AD 53,USCD 34,Skid Row,C,,Not Applicable,SM,NA,No,No,No,No,0,0,88,0,0,0,0,0,,,,No,,,,,,,,,,,Single,No,88,0,0,0,,,,,,,,,,72,88,82%,82%
282938,314-010867,2017,TH,Union Rescue Mission,Gateway Transitional Men,545 S. San Pedro St.,,Los Angeles,CA,1,90013,62118,206300,SPA 4,SD 2,CD14,SSD 30,AD 53,USCD 34,Skid Row,C,,Not Applicable,SMF,NA,No,No,No,No,0,0,323,0,0,0,0,0,,,,No,,,,,,,,,,,Single,No,323,0,0,0,,,,,,,,,,315,323,98%,98%
282955,314-010855,2017,TH,Union Rescue Mission,Hope Gardens Family Center,12249 Lopez Canyon Rd.,,Sylmar,CA,1,91342,69037,930200,SPA 2,SD 5,NA ,SSD 25,AD 39,USCD 28,Angeles National Forest,C,,Not Applicable,SFHC,NA,No,No,No,No,168,84,13,0,0,0,0,0,,,,No,,,,,,,,,,,Single,No,181,0,0,0,,,,,,,,,,198,181,109%,71%
282954,314-010851,2017,TH,Union Rescue Mission,Residential Recovery Program (CLDP),545 S. San Pedro St.,,Los Angeles,CA,1,90013,62118,206300,SPA 4,SD 2,CD14,SSD 30,AD 53,USCD 34,Skid Row,C,,Not Applicable,SM,NA,No,No,No,No,0,0,176,0,0,0,0,0,,,,No,,,,,,,,,,,Single,No,176,0,0,0,,,,,,,,,,86,176,49%,49%
297181,144-010905,2017,TH,United Friends of the Children,Pathways to Independence,13939  Coteau Dr.,,Whittier,CA,1,90604,64074,503105,SPA 7,SD 4,NA ,SSD 32,AD 57,USCD 38,South Whittier,C,,Not Applicable,SMF+HC,NA,Yes,Yes,No,Yes,10,5,38,,0,0,10,38,,,,No,,,,,,,,,,,Scattered,Yes,48,10,38,,100%,100%,,,,,,,,40,48,83%,81%
283367,144-010906,2017,TH,United Friends of the Children,Pathways to Independence A (499),7061 W. Manchester Ave.,,Los Angeles,CA,1,90045,62118,276500,SPA 5,SD 2,CD11,SSD 26,AD 62,USCD 43,Westchester/Playa Del Rey,C,,Not Applicable,SMF+HC,NA,Yes,Yes,No,Yes,2,1,8,0,0,0,2,8,,,,No,,,,,,,,,,,Single,Yes,10,2,8,0,100%,100%,,,,,,,,10,10,100%,100%
282923,144-010907,2017,TH,United Friends of the Children,Pathways to Independence B (511),13931 Coteau Dr.,,Whittier,CA,1,90604,69037,503105,SPA 7,SD 4,NA ,SSD 32,AD 57,USCD 38,South Whittier,C,,Not Applicable,SMF,NA,Yes,Yes,No,Yes,0,0,38,0,0,0,0,38,,,,No,,,,,,,,,,,Single,Yes,38,0,38,0,,100%,,,,,,,,34,38,89%,89%
283369,144-010908,2017,TH,United Friends of the Children,UFC Pathways to Independence SPA 5,7061 W Manchester ,,Los Angeles,CA,1,90045,62118,276500,SPA 5,SD 2,CD11,SSD 26,AD 62,USCD 43,Westchester/Playa Del Rey,C,,Not Applicable,SMF+HC,NA,Yes,Yes,No,Yes,2,1,6,0,0,0,2,6,,,,No,,,,,,,,,,,Single,Yes,8,1,6,0,50%,100%,,,,,,,,8,8,100%,100%
283370,144-010909,2017,TH,United Friends of the Children,UFC Pathways to Independence SPA 7,10215 - 10231 Ruoff Ave,,Whittier,CA,1,90604,64074,503302,SPA 7,SD 4,NA ,SSD 32,AD 57,USCD 38,South Whittier,C,,Not Applicable,SMF+HC,NA,Yes,Yes,No,Yes,8,3,66,0,0,0,8,66,,,,No,,,,,,,,,,,Single,Yes,74,4,66,0,50%,100%,,,,,,,,74,74,100%,101%
283371,144-010910,2017,TH,United Friends of the Children,UFC Pathways to Independence SPA 8,2640 E Anaheim St,,Long Beach,CA,1,90804,62118,240500,SPA 6,SD 2,CD8,SSD 30,AD 64,USCD 43,Green Meadows,C,,Not Applicable,SMF,NA,Yes,Yes,No,Yes,0,0,24,0,0,0,0,24,,,,No,,,,,,,,,,,Single,Yes,24,0,24,0,,100%,,,,,,,,24,24,100%,100%
283184,027-010953,2017,TH,"United States Veterans Initiative, Inc.",GPD - Veterans in Progress Program,733 S. Hindry Ave.,,Inglewood,CA,1,90301,61740,601401,SPA 8,SD 2,NA ,SSD 35,AD 62,USCD 43,Inglewood,C,,Not Applicable,SM,NA,No,Yes,Yes,No,0,0,94,0,0,94,0,0,,,,Yes,No,No,Yes,No,No,No,No,No,No,No,Single,No,94,0,94,0,,100%,,,,,,,,94,94,100%,100%
283186,180-011000,2017,TH,Upward Bound house,Upward Bound House Family Place,1020 12th St.,,Santa Monica,CA,1,90403,63384,701501,SPA 5,SD 3,NA ,SSD 26,AD 50,USCD 33,Santa Monica,C,,Not Applicable,HC,NA,Yes,Yes,No,No,61,21,0,0,0,0,0,0,,,,No,,,,,,,,,,,Single,Yes,61,61,0,0,100%,,,,,,,,,66,61,108%,100%
282871,117-001451,2017,TH,Valley Oasis,Oasis House Transitional Housing Program for Victims of Domestic Violence,,,,,1,,,,SPA 1,SD 5,NA ,SSD 21,AD 36,USCD 23,,C,,Not Applicable,SMF+HC,DV,No,No,No,No,34,9,0,0,0,0,0,0,,,,No,,,,,,,,,,,Single,No,34,,,,,,,,,,,,,37,34,109%,133%
282872,117-001453,2017,TH,Valley Oasis,Steppin' Into The Light,,,,,1,,,,SPA 1,SD 5,NA ,SSD 21,AD 36,USCD 23,,C,,Not Applicable,SMF+HC,DV,Yes,No,No,No,25,6,0,0,0,0,0,0,,,,No,,,,,,,,,,,Single,Yes,25,,,,,,,,,,,,,14,25,56%,67%
282897,336-011850,2017,TH,Venice Community Housing Corporation,Westminster Transitional Living Center,650 Westminster Ave.,,Venice,CA,1,90291,62118,273200,SPA 5,SD 3,CD11,SSD 26,AD 62,USCD 33,Venice,C,,Not Applicable,HC,NA,Yes,Yes,No,No,30,8,2,0,0,0,0,0,,,,No,,,,,,,,,,,Single,Yes,32,30,2,0,100%,100%,,,,,,,,18,32,56%,100%
283209,083-011301,2017,TH,Volunteers of America of Los Angeles,GPD - Billets,1801 Lake Shore Ave,,Los Angeles,CA,1,90013,62118,197420,SPA 4,SD 1,CD13,SSD 24,AD 51,USCD 28,Echo Park,C,,Not Applicable,SMF,NA,No,No,Yes,No,0,0,72,0,0,72,0,0,,,,Yes,No,No,Yes,No,No,No,No,No,No,No,Single,No,72,0,0,0,,,,,,,,,,70,72,97%,97%
282901,083-011265,2017,TH,Volunteers of America of Los Angeles,ILP Women's Care Cottage,6428 Whitsett Ave. ,,North Hollywood,CA,1,91606,62118,123800,SPA 2,SD 3,CD2,SSD 18,AD 46,USCD 29,North Hollywood,C,,Not Applicable,SF,NA,Yes,Yes,No,Yes,4,2,12,0,0,0,4,12,,,,No,,,,,,,,,,,Scattered,Yes,16,4,12,0,100%,100%,,,,,,,,10,16,62%,64%
283362,083-011308,2017,TH,Volunteers of America of Los Angeles,RHY Transitional Living Program,6428 Whitsett Ave,,North Hollywood,CA,1,91606,62118,123800,SPA 2,SD 3,CD2,SSD 18,AD 46,USCD 29,North Hollywood,C,,Not Applicable,SFHC,NA,No,Yes,No,Yes,2,1,10,0,0,0,2,10,,,,Yes,No,No,No,No,No,No,Yes,No,No,No,Single,No,12,2,10,0,100%,100%,,,,,,,,6,12,50%,45%
282902,083-011267,2017,TH,Volunteers of America of Los Angeles,The Barracks: Safe Haven for Chronically Homeless Vets,534 S. Crocker St,,Los Angeles,CA,1,90013,62118,206300,SPA 4,SD 2,CD14,SSD 30,AD 53,USCD 34,Skid Row,C,,Not Applicable,SM,NA,No,No,Yes,No,0,0,128,0,0,128,0,0,,,,No,,,,,,,,,,,Single,No,128,0,0,0,,,,,,,,,,115,128,90%,90%
297190,043-011432,2017,TH,Weingart Center Association,AB109,566 S. San Pedro St.,,Los Angeles,CA,1,90013,62118,206300,SPA 4,SD 2,CD14,SSD 30,AD 53,USCD 34,Skid Row,C,,Not Applicable,SMF,NA,No,Yes,No,No,,,50,,,0,,0,,,,No,,,,,,,,,,,Scattered,No,50,,50,,,100%,,,,,,,,52,50,104%,104%
297188,043-011412,2017,TH,Weingart Center Association,EPIC,566 S. San Pedro St.,,Los Angeles,CA,1,90013,62118,206300,SPA 4,SD 2,CD14,SSD 30,AD 53,USCD 34,Skid Row,C,,Not Applicable,SMF,NA,Yes,Yes,No,No,,,70,,,0,,0,,,,No,,,,,,,,,,,Single,Yes,70,,70,,,100%,,,,,,,,68,70,97%,97%
283050,043-011406,2017,TH,Weingart Center Association,GPD - Veterans Transitional Housing Program,566 S. San Pedro St.,,Los Angeles,CA,1,90013,62118,206300,SPA 4,SD 2,CD14,SSD 30,AD 53,USCD 34,Skid Row,C,,Not Applicable,SMF,NA,No,Yes,Yes,No,0,0,71,0,0,71,0,0,,,,Yes,No,No,Yes,No,No,No,No,No,No,No,Single,No,71,0,71,0,,100%,,,,,,,,52,71,73%,73%
283156,043-011407,2017,TH,Weingart Center Association,Women's Renaissance,566 S. San Pedro St.,,Los Angeles,CA,1,90013,62118,206300,SPA 4,SD 2,CD14,SSD 30,AD 53,USCD 34,Skid Row,C,,Not Applicable,SF,NA,No,No,No,No,0,0,54,0,0,0,0,0,,,,No,,,,,,,,,,,Single,No,54,0,0,0,,,,,,,,,,54,54,100%,100%
297192,320-011550,2017,TH,Whittier Area First Day Coalition,Whittier First Day Recovery from Homelessness Program,12426 Whittier Boulevard,,Whittier,CA,1,90602,64074,502100,SPA 7,SD 4,NA ,SSD 32,AD 57,USCD 38,Whittier,C,,Not Applicable,SMF,HIV,Yes,Yes,Yes,No,,,45,,,4,,0,,,,No,,,,,,,,,,,Scattered,Yes,45,,45,,,100%,,,,,,,,31,45,69%,69%
282940,322-011701,2017,TH,YWCA of San Gabriel Valley,WINGS Transitional Program,,,,,1,,,,SPA 3,SD 5,NA ,SSD 22,AD 48,USCD 32,,C,,Not Applicable,SMF+HC,DV,No,No,No,No,13,4,2,0,0,0,0,0,,,,No,,,,,,,,,,,Single,No,15,,,,,,,,,,,,,9,15,60%,67%
282970,323-011750,2017,TH,YWCA of Santa Monica/Westside,Housing and Education Program,2019 14th St.,,Santa Monica,CA,1,90405,63384,702201,SPA 5,SD 3,NA ,SSD 26,AD 50,USCD 33,Santa Monica,C,,Not Applicable,SF,NA,No,Yes,No,No,0,0,10,0,0,0,0,0,,,,No,,,,,,,,,,,Single,No,10,0,10,0,,100%,,,,,,,,6,10,60%,60%
